State,Date,Cases,Recoveries,Mortality Rate (%),Population,Vaccination Rate (%),"Testing Rate (per 1,000)",Infection Rate (%),Healthcare Facilities,Average Age,Urbanization Rate (%),Mobility Index,Cleanliness Ratio,Disease Awareness Programs,Latitude ,Longitude 
Andhra Pradesh,2023-01-13,9785,5940,4.38,165891825,69.09,194,12.43,161,43,36.91,0.73,0.94,132,15.9129,79.7400
Andhra Pradesh,2023-02-14,13443,8579,4.05,43315618,89.68,397,17.68,567,27,47.29,0.81,0.54,119,15.9129,79.7400
Andhra Pradesh,2023-05-02,16911,3315,1.83,121380111,67.96,310,13.66,535,42,74.56,0.29,0.51,167,15.9129,79.7400
Andhra Pradesh,2023-05-13,2032,4521,1.8,82711197,51.6,342,7.34,185,21,64.84,0.13,1.0,113,15.9129,79.7400
Andhra Pradesh,2023-06-09,4192,12945,1.27,78045438,62.84,226,8.54,311,34,50.88,0.14,0.58,182,15.9129,79.7400
Andhra Pradesh,2023-06-13,14074,7276,3.3,179314357,71.19,339,16.87,196,42,79.56,1.0,0.68,53,15.9129,79.7400
Andhra Pradesh,2023-06-16,16683,11066,2.02,131671486,58.87,137,18.02,543,27,58.28,0.14,0.84,86,15.9129,79.7400
Andhra Pradesh,2023-06-22,10814,3599,4.59,191459880,53.64,273,9.79,277,22,65.04,0.37,0.6,82,15.9129,79.7400
Andhra Pradesh,2023-07-28,5889,9088,4.64,115833854,61.19,353,9.9,130,53,62.99,0.26,0.97,147,15.9129,79.7400
Andhra Pradesh,2023-08-21,15349,14477,3.28,159373418,86.01,271,11.0,592,20,44.44,0.95,0.52,122,15.9129,79.7400
Andhra Pradesh,2023-08-22,2218,1407,4.63,146623398,88.22,179,7.91,160,39,32.07,0.44,0.63,58,15.9129,79.7400
Andhra Pradesh,2023-09-06,14775,5779,1.81,68984439,82.91,224,15.42,593,52,32.91,0.48,0.65,116,15.9129,79.7400
Andhra Pradesh,2023-10-18,14054,10295,3.38,179397019,60.23,247,19.63,546,45,76.92,0.3,0.9,105,15.9129,79.7400
Andhra Pradesh,2023-10-29,5478,1515,4.14,97442270,78.91,285,19.6,131,39,48.83,0.18,0.63,79,15.9129,79.7400
Andhra Pradesh,2024-03-10,7387,6412,4.83,135179631,82.63,188,5.29,200,20,34.12,0.27,0.97,141,15.9129,79.7400
Andhra Pradesh,2024-03-20,1106,11623,1.27,164273398,84.55,200,19.32,401,27,66.62,0.35,0.57,97,15.9129,79.7400
Andhra Pradesh,2024-03-30,7247,3194,3.24,79004491,51.07,284,17.55,246,27,48.09,0.54,0.69,94,15.9129,79.7400
Andhra Pradesh,2024-04-15,4763,4888,3.9,194838624,87.74,393,10.33,415,50,51.6,0.9,0.69,64,15.9129,79.7400
Andhra Pradesh,2024-04-16,11169,2922,2.05,96552782,60.05,175,19.98,223,24,37.4,0.51,0.9,154,15.9129,79.7400
Andhra Pradesh,2024-05-09,4743,13814,3.93,30513558,76.19,397,7.09,430,31,51.52,0.91,0.6,191,15.9129,79.7400
Andhra Pradesh,2024-05-25,6270,8803,4.6,50153558,80.81,392,6.36,121,54,34.94,0.42,0.64,70,15.9129,79.7400
Andhra Pradesh,2024-06-14,5481,6380,3.24,143399422,73.81,218,19.7,594,31,63.73,0.16,0.8,64,15.9129,79.7400
Andhra Pradesh,2024-06-18,9567,13664,2.27,113764001,65.7,236,18.53,480,56,37.7,0.34,0.89,149,15.9129,79.7400
Andhra Pradesh,2024-07-23,5242,4666,4.73,62260818,69.81,258,14.25,439,41,74.2,0.12,0.59,98,15.9129,79.7400
Andhra Pradesh,2024-07-25,2439,8657,1.2,86722574,72.24,117,6.9,251,38,65.68,0.88,0.85,173,15.9129,79.7400
Andhra Pradesh,2024-07-29,3466,12508,3.99,93741891,77.61,272,16.61,429,52,66.77,0.63,1.0,132,15.9129,79.7400
Andhra Pradesh,2024-08-11,13582,12471,2.79,118099121,74.35,126,16.82,333,48,54.68,0.31,0.72,105,15.9129,79.7400
Andhra Pradesh,2024-08-30,7942,4432,2.3,191500147,56.01,203,18.06,522,20,39.83,0.7,0.6,172,15.9129,79.7400
Andhra Pradesh,2024-10-04,9391,4294,4.08,68387944,54.42,329,17.49,258,39,79.97,0.89,0.62,183,15.9129,79.7400
Andhra Pradesh,2024-11-01,18198,11320,3.59,32243250,79.27,359,8.76,180,31,40.47,0.37,0.5,193,15.9129,79.7400
Andhra Pradesh,2024-11-04,16225,6401,1.37,37914024,70.81,240,6.32,525,47,30.37,0.7,0.74,76,15.9129,79.7400
Andhra Pradesh,2024-11-07,11253,11707,3.81,70280979,84.33,122,9.89,114,44,63.47,0.43,0.98,134,15.9129,79.7400
Andhra Pradesh,2024-11-08,19261,8643,1.11,61014890,66.09,166,18.6,234,54,74.89,0.55,0.96,137,15.9129,79.7400
Andhra Pradesh,2024-11-17,6353,4202,2.6,119303912,50.29,360,10.33,454,55,43.17,0.17,0.99,180,15.9129,79.7400
Andhra Pradesh,2024-11-22,12213,10817,4.76,196075619,64.77,392,16.72,170,58,40.49,0.94,0.63,67,15.9129,79.7400
Andhra Pradesh,2024-11-24,5369,2128,3.78,61723273,76.8,390,11.9,497,25,30.63,0.25,0.92,136,15.9129,79.7400
Andhra Pradesh,2024-12-02,19376,9758,2.51,29456824,62.99,232,18.84,295,56,60.01,0.66,0.82,196,15.9129,79.7400
Andhra Pradesh,2024-12-10,15896,8681,4.16,169058999,73.02,156,11.22,527,23,65.59,0.52,0.91,59,15.9129,79.7400
Andhra Pradesh,2024-12-18,19109,13719,3.33,121748175,54.91,187,17.9,201,29,31.12,0.55,0.99,146,15.9129,79.7400
Bihar,2023-01-12,8140,9825,4.05,165945618,77.69,266,14.55,370,51,75.71,0.77,0.58,138,25.9644,85.2722
Bihar,2023-01-16,3212,11067,3.87,187534809,80.39,270,11.19,517,29,71.83,0.2,0.9,123,25.9644,85.2722
Bihar,2023-01-17,16213,7610,4.15,101662476,89.65,319,8.33,124,53,44.36,0.34,0.52,122,25.9644,85.2722
Bihar,2023-01-23,18195,14427,2.45,80076253,87.4,264,7.97,265,50,68.08,0.14,0.66,53,25.9644,85.2722
Bihar,2023-02-04,18897,1184,4.23,93239664,80.72,107,9.82,544,59,70.7,0.52,0.88,185,25.9644,85.2722
Bihar,2023-02-17,14880,6200,1.15,48142975,57.97,167,10.96,253,31,75.41,0.68,0.97,164,25.9644,85.2722
Bihar,2023-03-10,11713,1217,2.62,128436601,75.33,123,7.93,472,39,69.16,0.55,0.63,65,25.9644,85.2722
Bihar,2023-03-25,1590,7545,3.09,89662623,71.56,229,7.12,250,20,55.15,0.42,0.87,71,25.9644,85.2722
Bihar,2023-03-31,14785,3543,4.24,63103581,87.47,277,19.28,307,29,68.06,0.79,0.83,161,25.9644,85.2722
Bihar,2023-05-03,7721,1762,4.96,67029171,63.39,234,15.12,445,37,75.85,0.48,0.53,178,25.9644,85.2722
Bihar,2023-05-04,18063,9819,4.6,38167411,87.1,163,11.18,447,27,39.41,0.75,0.87,164,25.9644,85.2722
Bihar,2023-05-19,7961,7542,1.03,132559496,56.88,276,9.34,451,43,45.83,0.12,0.64,141,25.9644,85.2722
Bihar,2023-05-24,16131,9548,1.77,71437897,67.41,131,12.61,400,43,49.12,0.56,0.65,184,25.9644,85.2722
Bihar,2023-06-08,6807,3269,1.93,77204301,66.57,376,10.56,141,36,54.04,0.87,0.88,198,25.9644,85.2722
Bihar,2023-07-14,5841,8842,4.27,125099834,87.11,291,17.57,257,38,40.67,0.35,0.94,116,25.9644,85.2722
Bihar,2023-08-19,19672,10981,1.93,126983211,63.83,234,5.41,501,26,52.13,0.19,0.9,181,25.9644,85.2722
Bihar,2023-09-04,13429,9952,1.36,147671890,80.54,230,15.23,217,43,39.28,0.92,0.91,168,25.9644,85.2722
Bihar,2023-10-12,18131,6208,2.18,28539139,71.31,207,19.03,106,24,59.18,0.67,0.99,168,25.9644,85.2722
Bihar,2023-10-24,18743,14067,3.07,167109727,53.71,124,18.36,345,32,49.52,0.39,0.97,173,25.9644,85.2722
Bihar,2023-10-25,4774,11467,1.03,106183119,62.08,127,17.02,202,46,69.8,0.14,0.7,193,25.9644,85.2722
Bihar,2023-11-09,19688,6281,3.36,52891860,77.92,381,18.07,240,31,61.4,0.66,0.88,137,25.9644,85.2722
Bihar,2023-11-22,18905,3448,3.47,50416278,74.63,393,16.79,465,39,62.09,0.82,0.86,181,25.9644,85.2722
Bihar,2023-12-01,2780,8059,3.24,186951297,63.51,353,8.64,385,33,77.99,0.28,0.56,68,25.9644,85.2722
Bihar,2023-12-21,9254,14382,1.29,164773927,51.98,195,5.01,345,33,50.07,0.72,0.72,195,25.9644,85.2722
Bihar,2023-12-27,5721,2631,3.13,35424281,71.21,116,14.96,574,57,64.59,0.16,0.58,186,25.9644,85.2722
Bihar,2024-01-03,3755,9700,3.88,188516754,80.92,331,9.59,307,27,34.44,0.63,0.82,160,25.9644,85.2722
Bihar,2024-01-05,2080,7147,4.72,139320316,70.09,197,5.35,435,46,50.9,0.85,0.77,148,25.9644,85.2722
Bihar,2024-01-31,11857,9676,1.36,181573881,59.94,253,6.59,205,31,59.34,0.7,0.98,142,25.9644,85.2722
Bihar,2024-02-11,3098,1498,2.64,31160961,84.42,192,16.87,511,24,40.92,0.1,0.72,176,25.9644,85.2722
Bihar,2024-02-13,8865,7437,4.86,93379044,86.98,267,19.65,381,51,48.03,0.38,0.53,185,25.9644,85.2722
Bihar,2024-02-21,19280,3584,1.35,40497910,64.62,293,8.96,179,36,55.71,0.41,0.62,165,25.9644,85.2722
Bihar,2024-03-05,10854,1324,4.38,82552865,84.3,205,12.64,349,47,38.68,0.37,0.69,170,25.9644,85.2722
Bihar,2024-03-08,3976,11137,4.73,64837020,57.79,325,15.95,152,52,79.97,0.91,0.89,70,25.9644,85.2722
Bihar,2024-03-31,7177,4095,4.55,180716728,77.1,239,6.76,533,58,34.33,0.8,0.74,172,25.9644,85.2722
Bihar,2024-04-17,18116,7726,4.74,36283560,60.42,366,16.1,534,49,62.41,0.47,0.92,153,25.9644,85.2722
Bihar,2024-05-05,12218,925,4.66,27766670,83.28,199,19.49,115,54,74.22,0.37,0.68,145,25.9644,85.2722
Bihar,2024-05-10,11196,13266,4.17,159714258,64.55,159,5.5,481,58,67.74,0.94,0.72,131,25.9644,85.2722
Bihar,2024-07-10,4748,8360,1.51,119965227,62.95,317,7.77,539,33,62.82,0.88,0.87,169,25.9644,85.2722
Bihar,2024-07-12,17275,14306,2.24,86014443,83.8,343,17.4,292,31,62.83,0.99,0.69,159,25.9644,85.2722
Bihar,2024-09-03,1020,4067,2.8,93935139,80.21,316,12.69,471,25,32.07,0.3,0.64,185,25.9644,85.2722
Bihar,2024-10-12,15134,3829,4.98,194266968,84.09,217,15.82,218,47,56.19,0.68,0.86,72,25.9644,85.2722
Bihar,2024-10-28,8635,7729,1.54,35655517,75.39,327,10.78,312,46,44.63,0.19,0.61,93,25.9644,85.2722
Bihar,2024-11-30,1287,13602,2.79,79529995,67.97,230,14.9,498,51,66.15,0.6,0.72,151,25.9644,85.2722
Bihar,2024-12-06,18504,2750,1.07,38099568,79.4,172,9.03,246,54,58.53,0.59,0.53,194,25.9644,85.2722
Bihar,2024-12-22,1022,12044,1.73,71647575,60.76,165,13.44,360,44,31.54,0.91,0.74,166,25.9644,85.2722
Delhi,2023-01-19,16936,3237,2.81,132485713,80.06,379,6.02,558,33,40.16,0.58,0.86,153,28.7041,77.1025
Delhi,2023-02-15,19433,12235,2.21,149078429,86.69,106,5.92,105,44,61.23,0.87,0.83,142,28.7041,77.1025
Delhi,2023-02-19,2081,13489,2.54,146032161,72.89,245,8.14,373,40,37.52,0.92,0.72,70,28.7041,77.1025
Delhi,2023-03-19,7569,8982,3.36,84725351,56.91,223,5.34,438,24,37.63,0.97,0.7,85,28.7041,77.1025
Delhi,2023-04-16,15481,14798,2.58,183395818,67.64,305,18.28,385,34,30.08,0.17,0.67,151,28.7041,77.1025
Delhi,2023-04-30,3837,13780,3.23,88097343,52.87,367,14.46,117,27,75.16,0.43,0.77,77,28.7041,77.1025
Delhi,2023-05-18,5942,4023,1.69,100503229,87.06,278,12.76,116,45,46.55,0.73,0.65,82,28.7041,77.1025
Delhi,2023-07-05,18776,1068,3.5,77901577,61.82,265,15.31,276,54,69.15,0.93,0.92,132,28.7041,77.1025
Delhi,2023-09-16,17101,1520,1.53,182744650,62.48,389,13.08,412,51,38.49,0.54,0.86,127,28.7041,77.1025
Delhi,2023-09-22,15662,8414,1.65,141083813,83.66,103,13.51,246,54,50.16,0.56,0.87,162,28.7041,77.1025
Delhi,2023-10-01,19171,9498,1.34,162244672,70.78,303,5.24,182,36,49.6,0.14,0.92,142,28.7041,77.1025
Delhi,2023-10-17,6506,5086,1.13,52290582,76.28,370,12.24,305,28,42.47,0.47,0.82,115,28.7041,77.1025
Delhi,2023-11-05,1641,12366,1.26,177634685,58.4,196,18.85,283,23,66.75,0.49,0.96,73,28.7041,77.1025
Delhi,2023-12-08,16779,10033,3.39,37066577,60.4,193,13.32,594,42,38.55,0.26,0.56,153,28.7041,77.1025
Delhi,2023-12-12,10984,11280,4.66,167215610,55.45,213,7.52,596,38,63.3,0.67,0.53,56,28.7041,77.1025
Delhi,2024-01-01,11886,10943,4.87,194430786,56.88,106,8.58,539,39,46.0,0.41,0.85,101,28.7041,77.1025
Delhi,2024-01-11,13502,3123,2.71,38670893,89.09,263,11.55,123,45,47.89,0.14,0.89,124,28.7041,77.1025
Delhi,2024-01-20,19414,10315,1.92,121797740,54.46,388,8.22,187,32,35.32,0.9,0.68,175,28.7041,77.1025
Delhi,2024-02-26,16304,14576,3.93,72164733,73.45,106,13.09,599,52,45.05,0.97,0.63,67,28.7041,77.1025
Delhi,2024-03-07,2528,4248,4.48,72070724,64.24,249,19.56,389,37,49.15,0.77,0.7,121,28.7041,77.1025
Delhi,2024-03-15,8716,5195,3.48,135449024,63.47,245,5.6,419,26,46.22,0.98,0.88,59,28.7041,77.1025
Delhi,2024-04-02,15974,12268,2.38,148599494,75.58,267,7.09,510,21,38.55,0.38,0.92,60,28.7041,77.1025
Delhi,2024-05-06,16608,2901,4.61,87855467,86.67,351,7.92,420,57,64.68,0.32,0.79,165,28.7041,77.1025
Delhi,2024-05-29,15892,4663,1.19,140957639,53.77,241,17.18,162,28,60.37,0.76,0.65,178,28.7041,77.1025
Delhi,2024-06-22,5297,9855,2.13,29726233,72.84,243,17.29,430,59,62.34,0.42,0.95,198,28.7041,77.1025
Delhi,2024-06-23,2942,14178,2.47,185819636,84.32,325,5.93,262,35,54.97,0.65,0.82,176,28.7041,77.1025
Delhi,2024-08-01,12630,8834,4.66,103860001,73.57,108,12.29,351,53,33.08,0.71,0.64,62,28.7041,77.1025
Delhi,2024-08-05,10111,8136,2.09,31418850,88.7,193,11.79,103,24,59.31,0.72,0.96,83,28.7041,77.1025
Delhi,2024-08-07,12064,3840,3.17,55148339,64.72,296,19.5,233,52,79.27,0.98,0.54,157,28.7041,77.1025
Delhi,2024-08-29,12565,1615,4.68,133006215,89.22,251,19.14,249,22,43.85,0.79,0.51,194,28.7041,77.1025
Delhi,2024-10-08,4075,10093,1.46,136111961,74.14,146,12.94,398,27,42.25,0.81,0.52,162,28.7041,77.1025
Delhi,2024-10-16,8331,4512,2.82,133292894,51.61,117,12.23,285,59,54.55,0.6,0.89,130,28.7041,77.1025
Delhi,2024-10-29,15604,12329,4.32,132175450,84.88,287,9.1,188,33,42.99,0.23,0.78,129,28.7041,77.1025
Delhi,2024-12-19,4413,9294,4.37,198034909,68.69,282,15.22,595,50,42.92,0.47,0.64,90,28.7041,77.1025
Delhi,2024-12-21,1947,14612,3.24,194326112,88.44,209,11.96,190,44,51.34,0.18,0.78,190,28.7041,77.1025
Gujarat,2023-01-01,11255,3269,1.25,42074876,58.61,353,9.25,223,37,32.61,0.42,0.57,153,22.6708,71.5724
Gujarat,2023-01-05,10981,3845,2.67,137132134,73.18,127,13.61,191,42,62.48,0.18,0.51,90,22.6708,71.5724
Gujarat,2023-01-26,17254,13334,4.84,168871789,61.61,375,17.4,454,56,72.88,0.37,0.71,172,22.6708,71.5724
Gujarat,2023-01-28,3256,2939,4.92,182803335,54.21,143,14.0,510,22,56.62,0.79,0.59,97,22.6708,71.5724
Gujarat,2023-02-03,18853,14012,1.5,123527639,83.95,175,18.38,349,54,59.22,0.34,0.62,174,22.6708,71.5724
Gujarat,2023-03-07,9379,5793,1.9,172434020,87.64,155,5.27,491,33,75.86,0.24,0.89,105,22.6708,71.5724
Gujarat,2023-03-20,18875,2683,2.18,120041622,65.1,180,19.86,254,27,70.44,0.73,0.69,197,22.6708,71.5724
Gujarat,2023-03-22,12881,3436,2.6,143267829,81.95,280,7.79,591,33,65.3,0.45,0.52,164,22.6708,71.5724
Gujarat,2023-04-12,2295,12706,2.54,179657079,59.24,115,5.4,349,22,56.51,0.45,0.72,130,22.6708,71.5724
Gujarat,2023-04-18,4280,4360,3.41,136043896,83.58,108,19.86,252,31,60.75,0.72,0.98,62,22.6708,71.5724
Gujarat,2023-04-22,3233,14207,1.08,138935245,73.56,147,13.92,581,21,56.51,0.91,0.7,184,22.6708,71.5724
Gujarat,2023-04-28,4897,5266,3.9,106887450,65.83,133,9.02,592,57,37.56,0.8,0.97,88,22.6708,71.5724
Gujarat,2023-05-06,16121,3425,4.57,175041798,58.77,376,6.43,148,28,62.22,0.88,0.56,58,22.6708,71.5724
Gujarat,2023-05-12,15988,13151,2.9,176560834,74.53,238,11.83,519,43,68.44,0.99,0.85,116,22.6708,71.5724
Gujarat,2023-05-25,6738,3484,1.13,86018436,52.79,155,11.78,444,59,68.43,0.75,0.69,51,22.6708,71.5724
Gujarat,2023-06-27,2954,10248,1.03,78771783,78.94,132,19.29,559,38,49.77,0.43,0.54,91,22.6708,71.5724
Gujarat,2023-07-01,7439,7232,2.72,22071780,64.69,345,11.8,546,42,42.36,0.56,0.78,60,22.6708,71.5724
Gujarat,2023-07-07,7196,11928,4.14,117547402,55.39,259,16.47,227,52,76.66,0.11,0.94,88,22.6708,71.5724
Gujarat,2023-08-14,12217,1860,3.97,119929798,76.5,322,17.0,420,40,38.64,0.55,0.89,100,22.6708,71.5724
Gujarat,2023-09-30,2645,11733,2.13,135655668,73.91,223,18.39,175,48,42.79,0.52,0.94,59,22.6708,71.5724
Gujarat,2023-10-04,2848,4487,5.0,94016853,72.28,122,12.79,359,34,35.48,0.23,0.99,134,22.6708,71.5724
Gujarat,2023-10-27,5429,14235,3.89,107547122,72.19,367,11.71,268,35,69.45,0.21,0.52,52,22.6708,71.5724
Gujarat,2023-11-19,19565,3581,1.52,112611287,80.28,223,15.21,139,31,44.09,0.82,0.84,57,22.6708,71.5724
Gujarat,2023-12-04,1825,5599,2.82,24852005,73.68,392,19.14,485,31,55.72,0.15,0.68,118,22.6708,71.5724
Gujarat,2024-01-14,17473,14950,3.1,193015614,85.71,238,11.21,405,43,56.21,0.43,0.62,53,22.6708,71.5724
Gujarat,2024-01-29,18510,10561,1.16,27025476,64.75,127,6.09,372,30,57.83,0.47,0.65,195,22.6708,71.5724
Gujarat,2024-02-15,13211,3382,1.67,188746318,65.58,329,12.78,128,30,73.15,0.94,0.85,96,22.6708,71.5724
Gujarat,2024-02-24,13984,704,1.48,106050924,85.76,193,10.49,104,42,70.06,0.59,0.57,105,22.6708,71.5724
Gujarat,2024-02-27,7997,14875,4.23,91043818,82.28,181,12.98,453,31,79.08,0.47,0.91,50,22.6708,71.5724
Gujarat,2024-03-11,3521,7890,4.82,61719238,77.4,168,11.71,120,58,41.43,0.38,0.54,79,22.6708,71.5724
Gujarat,2024-03-26,17598,10829,4.22,199499941,86.2,103,9.93,116,36,41.62,0.26,0.78,119,22.6708,71.5724
Gujarat,2024-04-01,8269,1767,2.65,114029296,57.34,386,17.35,289,43,44.53,0.18,0.93,52,22.6708,71.5724
Gujarat,2024-04-03,15037,921,3.02,134683671,53.92,162,18.59,139,27,41.03,0.37,0.51,161,22.6708,71.5724
Gujarat,2024-04-09,13683,7629,1.77,105323985,54.37,394,18.67,125,35,52.04,0.8,0.7,194,22.6708,71.5724
Gujarat,2024-07-07,19446,10325,1.01,142410444,71.51,157,12.66,193,56,59.9,0.44,0.99,63,22.6708,71.5724
Gujarat,2024-07-22,18296,6217,1.18,192496485,59.47,208,14.0,289,48,35.51,0.81,0.97,70,22.6708,71.5724
Gujarat,2024-09-27,19620,12990,1.54,157715510,84.17,189,14.77,258,54,42.09,0.23,0.64,78,22.6708,71.5724
Gujarat,2024-10-09,19040,9480,1.43,71331658,73.67,245,16.84,222,52,46.51,0.13,0.59,173,22.6708,71.5724
Gujarat,2024-10-11,7611,6785,2.28,53213367,78.23,145,16.69,531,49,56.0,0.35,0.8,187,22.6708,71.5724
Haryana,2023-01-30,6423,12599,4.54,167200526,79.42,231,16.0,431,27,64.13,0.46,0.79,51,29.0588,76.0856
Haryana,2023-02-08,15325,12235,3.1,100425772,71.51,204,5.82,314,26,79.68,0.23,0.73,141,29.0588,76.0856
Haryana,2023-02-21,17876,8082,1.74,60062149,81.79,359,8.03,241,31,55.7,0.49,0.74,62,29.0588,76.0856
Haryana,2023-02-25,17712,6515,3.49,110080505,82.25,268,16.76,468,29,55.59,0.42,0.81,175,29.0588,76.0856
Haryana,2023-04-07,10088,12500,4.35,66681092,66.65,340,8.08,114,56,64.48,0.76,0.74,197,29.0588,76.0856
Haryana,2023-04-11,9875,13811,1.27,91575270,66.27,305,18.59,117,40,41.64,0.31,0.79,60,29.0588,76.0856
Haryana,2023-08-02,7763,8837,2.75,77987307,55.64,339,7.31,330,22,66.51,0.19,0.71,82,29.0588,76.0856
Haryana,2023-08-11,18293,3580,1.24,191201361,56.57,350,11.23,280,47,70.54,0.28,0.57,126,29.0588,76.0856
Haryana,2023-08-20,9738,14768,4.9,154870594,54.37,142,11.96,462,42,62.38,0.65,0.53,58,29.0588,76.0856
Haryana,2023-09-05,8253,12670,1.91,79248970,50.33,374,19.87,110,45,67.31,0.98,0.57,85,29.0588,76.0856
Haryana,2023-09-11,5668,7197,2.3,168830776,58.38,355,16.78,253,43,35.7,0.38,0.59,145,29.0588,76.0856
Haryana,2023-09-19,14156,4073,3.99,117567008,68.81,273,7.45,427,34,76.19,0.35,0.97,191,29.0588,76.0856
Haryana,2023-10-09,19187,5401,3.05,169339386,70.07,132,16.61,537,52,63.33,0.37,0.62,79,29.0588,76.0856
Haryana,2023-10-11,3050,12342,1.84,121444433,77.92,336,18.71,424,53,50.94,0.82,0.51,187,29.0588,76.0856
Haryana,2023-11-25,18012,13114,3.24,85698786,56.58,239,5.89,424,22,30.5,0.32,0.53,55,29.0588,76.0856
Haryana,2023-11-29,10613,8488,3.74,157456411,74.97,144,17.52,417,20,49.88,0.86,0.91,107,29.0588,76.0856
Haryana,2024-01-06,16501,3716,2.88,79523619,76.11,293,17.75,405,40,34.95,0.19,0.53,59,29.0588,76.0856
Haryana,2024-02-16,1500,12793,4.19,173088229,76.08,110,14.96,178,43,49.78,0.83,0.91,98,29.0588,76.0856
Haryana,2024-02-28,13020,5784,2.42,129154451,55.38,235,13.16,544,36,49.57,0.48,0.92,57,29.0588,76.0856
Haryana,2024-03-12,7525,5697,3.48,174736384,51.03,282,10.32,392,38,37.86,0.18,0.98,167,29.0588,76.0856
Haryana,2024-04-29,5664,14278,3.02,76433399,81.52,349,14.79,579,55,59.94,0.24,0.67,165,29.0588,76.0856
Haryana,2024-05-23,4199,647,3.16,163848514,77.17,280,10.18,169,38,77.2,0.65,0.61,164,29.0588,76.0856
Haryana,2024-06-25,1337,8018,4.48,169209943,50.16,103,19.24,419,59,66.87,0.57,0.6,60,29.0588,76.0856
Haryana,2024-06-27,11057,1808,2.06,120179093,73.89,200,8.2,174,35,57.37,0.73,0.97,183,29.0588,76.0856
Haryana,2024-07-19,3899,6597,4.92,182149329,58.46,140,10.69,344,44,46.76,0.57,0.99,143,29.0588,76.0856
Haryana,2024-09-04,14917,2158,2.05,33531764,65.32,381,6.37,422,55,78.37,0.3,0.96,195,29.0588,76.0856
Haryana,2024-09-07,11247,8444,3.85,64071984,81.77,204,12.74,435,50,39.95,0.18,0.63,185,29.0588,76.0856
Haryana,2024-09-22,13882,5525,1.55,107328246,55.65,101,10.44,556,38,65.67,0.6,0.73,191,29.0588,76.0856
Haryana,2024-09-23,11346,4858,2.43,75208960,73.02,142,5.92,267,27,63.47,0.8,0.7,64,29.0588,76.0856
Haryana,2024-09-26,3853,10265,4.09,76121096,65.78,380,9.02,493,23,59.78,0.64,0.84,58,29.0588,76.0856
Haryana,2024-09-30,7829,14801,4.92,194195064,58.88,190,11.12,316,50,56.06,0.24,0.66,124,29.0588,76.0856
Haryana,2024-12-09,12760,12896,3.17,29989209,62.43,284,9.87,127,42,77.2,0.33,0.96,187,29.0588,76.0856
Himachal Pradesh,2023-01-18,9078,4380,3.93,119679920,73.55,393,16.13,100,59,77.6,0.41,0.76,121,32.1024,77.5619
Himachal Pradesh,2023-02-09,4124,3587,3.39,45051624,51.53,252,18.59,562,20,36.42,0.14,0.9,165,32.1024,77.5619
Himachal Pradesh,2023-03-13,4136,10836,1.65,59208716,55.78,220,10.48,115,46,36.26,0.94,0.59,170,32.1024,77.5619
Himachal Pradesh,2023-04-19,14597,6260,2.79,35282672,60.04,190,10.94,462,37,40.45,0.67,0.95,130,32.1024,77.5619
Himachal Pradesh,2023-05-22,7822,14936,4.86,101505418,70.01,399,18.48,333,20,59.18,0.32,0.57,190,32.1024,77.5619
Himachal Pradesh,2023-05-23,7487,606,1.81,169684198,83.59,208,15.55,238,51,59.49,0.71,0.88,84,32.1024,77.5619
Himachal Pradesh,2023-05-28,14136,13404,3.0,66386501,72.3,108,5.68,291,42,73.9,0.92,0.96,66,32.1024,77.5619
Himachal Pradesh,2023-05-30,9253,1750,1.21,123445524,83.38,231,6.01,221,37,61.16,0.74,0.68,104,32.1024,77.5619
Himachal Pradesh,2023-05-31,19201,7239,1.96,117881018,66.57,393,5.21,154,51,69.35,0.79,0.61,78,32.1024,77.5619
Himachal Pradesh,2023-06-01,5887,13764,4.33,68802016,75.34,337,16.87,306,58,55.15,0.56,0.91,88,32.1024,77.5619
Himachal Pradesh,2023-06-12,11402,3648,1.31,166360785,63.74,162,5.13,230,54,70.51,0.17,0.76,108,32.1024,77.5619
Himachal Pradesh,2023-07-10,12785,11811,4.8,178543458,65.31,238,18.68,310,53,68.51,1.0,0.85,147,32.1024,77.5619
Himachal Pradesh,2023-07-25,5549,9040,2.77,75718573,78.74,101,19.56,209,42,56.21,0.32,0.91,138,32.1024,77.5619
Himachal Pradesh,2023-08-16,1973,8046,1.48,113348532,66.62,161,13.88,452,31,37.01,0.14,0.71,99,32.1024,77.5619
Himachal Pradesh,2023-09-02,4444,8274,1.9,187040480,58.57,282,6.07,438,32,58.72,0.97,0.55,189,32.1024,77.5619
Himachal Pradesh,2023-09-03,8543,3865,4.2,159451680,73.34,345,18.72,259,50,67.31,0.3,0.66,92,32.1024,77.5619
Himachal Pradesh,2023-09-10,1663,10594,3.8,44126488,77.67,168,10.12,210,50,51.09,0.84,0.81,77,32.1024,77.5619
Himachal Pradesh,2023-09-24,1394,8451,3.82,100798270,80.91,356,17.6,218,54,35.45,0.75,0.96,184,32.1024,77.5619
Himachal Pradesh,2023-10-16,11494,10377,4.22,140728157,76.17,386,11.43,145,26,49.43,0.31,0.54,55,32.1024,77.5619
Himachal Pradesh,2023-11-06,11085,12747,3.58,53304480,61.87,115,6.27,206,30,58.19,0.6,0.62,51,32.1024,77.5619
Himachal Pradesh,2023-11-28,8463,13310,2.49,184238069,88.22,333,8.21,246,30,73.32,0.2,0.73,172,32.1024,77.5619
Himachal Pradesh,2023-12-20,10476,11211,2.09,36048086,57.1,198,19.06,365,39,65.15,0.29,0.51,84,32.1024,77.5619
Himachal Pradesh,2024-01-09,18946,5170,2.19,101040816,75.93,173,6.7,596,32,37.25,1.0,0.67,147,32.1024,77.5619
Himachal Pradesh,2024-01-24,10387,5598,3.26,166706067,81.06,393,17.43,569,32,32.35,0.27,0.57,195,32.1024,77.5619
Himachal Pradesh,2024-01-28,8041,9308,4.81,51369522,88.57,262,11.84,111,24,73.31,0.72,0.53,102,32.1024,77.5619
Himachal Pradesh,2024-02-01,10493,13982,4.11,94597238,60.13,325,8.75,485,36,75.47,0.45,1.0,167,32.1024,77.5619
Himachal Pradesh,2024-02-05,14580,8852,4.35,70523848,72.09,362,19.59,406,27,64.88,0.31,0.99,186,32.1024,77.5619
Himachal Pradesh,2024-02-06,19240,6414,4.23,94434558,71.83,174,8.7,514,32,58.31,0.25,0.56,160,32.1024,77.5619
Himachal Pradesh,2024-02-09,7229,582,1.92,82512854,86.05,233,14.98,346,27,63.69,0.59,0.78,119,32.1024,77.5619
Himachal Pradesh,2024-03-09,14288,6078,4.22,48212337,69.95,359,19.1,438,42,65.58,0.55,0.83,54,32.1024,77.5619
Himachal Pradesh,2024-03-25,6580,3405,1.79,89856260,87.85,171,13.43,398,43,35.85,0.57,0.92,96,32.1024,77.5619
Himachal Pradesh,2024-04-13,5561,9376,3.19,89531241,62.19,195,19.76,516,34,74.43,0.93,0.98,155,32.1024,77.5619
Himachal Pradesh,2024-04-28,12001,14217,1.79,195797738,67.05,223,15.24,245,32,74.26,0.58,0.67,82,32.1024,77.5619
Himachal Pradesh,2024-05-17,19785,6535,1.66,22632359,69.29,373,10.79,570,24,50.51,0.73,0.65,128,32.1024,77.5619
Himachal Pradesh,2024-06-04,17267,6227,2.49,147686080,58.38,125,6.9,558,42,34.59,0.68,0.85,182,32.1024,77.5619
Himachal Pradesh,2024-06-06,17159,8564,4.54,95256151,60.37,285,11.5,207,45,77.06,0.5,0.92,91,32.1024,77.5619
Himachal Pradesh,2024-06-15,2134,14596,1.45,84383020,77.07,376,19.45,534,52,53.48,0.98,0.5,75,32.1024,77.5619
Himachal Pradesh,2024-06-24,18715,5747,3.43,69165444,53.89,220,16.77,412,58,66.76,0.45,0.93,101,32.1024,77.5619
Himachal Pradesh,2024-07-03,3673,14652,4.0,129872073,86.86,347,12.27,501,30,53.9,0.21,0.64,153,32.1024,77.5619
Himachal Pradesh,2024-07-14,5130,9522,4.79,198338529,67.86,375,19.7,361,44,61.54,0.18,0.92,64,32.1024,77.5619
Himachal Pradesh,2024-08-02,18349,11670,4.48,151158474,81.57,115,9.5,594,38,69.66,0.74,0.9,76,32.1024,77.5619
Himachal Pradesh,2024-08-06,9120,4687,1.88,128803786,50.49,157,11.59,128,31,36.55,0.52,0.67,199,32.1024,77.5619
Himachal Pradesh,2024-08-08,18892,6677,4.47,142700814,52.71,205,15.84,146,28,70.86,0.74,0.78,117,32.1024,77.5619
Himachal Pradesh,2024-09-06,6767,14661,2.25,195975711,79.71,358,10.38,272,26,60.38,0.73,0.97,119,32.1024,77.5619
Himachal Pradesh,2024-09-14,5314,8517,1.1,150701482,54.8,287,18.57,505,28,76.72,0.83,0.95,66,32.1024,77.5619
Himachal Pradesh,2024-09-18,3800,13785,2.99,68685250,57.47,166,15.79,590,42,32.62,0.42,0.64,190,32.1024,77.5619
Himachal Pradesh,2024-10-10,8244,14223,1.21,48384577,66.49,308,15.23,366,46,47.6,0.46,0.83,100,32.1024,77.5619
Himachal Pradesh,2024-10-13,19148,11536,2.39,64245601,86.31,316,6.82,523,59,63.37,0.79,0.52,141,32.1024,77.5619
Himachal Pradesh,2024-10-27,16061,3338,4.61,27593245,79.92,106,5.45,565,31,64.17,0.86,0.63,66,32.1024,77.5619
Himachal Pradesh,2024-11-23,8248,14369,2.0,94883637,78.9,335,14.6,395,40,44.81,0.22,0.59,144,32.1024,77.5619
Himachal Pradesh,2024-12-05,15515,2759,1.16,58256102,79.54,115,16.79,597,52,57.62,0.69,0.69,138,32.1024,77.5619
Himachal Pradesh,2024-12-30,8182,9451,2.36,72771985,64.4,255,15.95,369,46,51.67,0.86,0.96,96,32.1024,77.5619
Karnataka,2023-01-10,14429,9750,4.3,23753148,54.62,267,10.84,461,29,49.9,0.39,0.76,186,15.3173,75.7139
Karnataka,2023-01-24,17042,10129,2.96,101552156,79.74,370,9.11,260,37,43.79,0.84,1.0,131,15.3173,75.7139
Karnataka,2023-02-07,4007,14891,1.28,191938621,88.4,139,14.47,567,34,72.45,0.56,0.95,130,15.3173,75.7139
Karnataka,2023-03-15,6265,5696,1.78,151489430,56.26,181,9.26,213,24,49.65,0.42,0.9,199,15.3173,75.7139
Karnataka,2023-03-16,8965,2519,3.94,179511309,79.91,376,18.94,513,42,68.59,0.76,0.79,107,15.3173,75.7139
Karnataka,2023-03-30,18131,5341,3.69,185176053,77.13,138,17.56,213,20,72.81,0.95,0.61,78,15.3173,75.7139
Karnataka,2023-04-02,18881,3587,2.48,180862895,63.81,104,15.54,499,57,78.88,0.34,0.7,170,15.3173,75.7139
Karnataka,2023-04-04,8360,5793,4.17,53032117,66.9,365,10.01,509,27,43.54,0.18,0.78,79,15.3173,75.7139
Karnataka,2023-04-08,2546,13311,2.49,117347455,62.99,193,9.05,285,40,36.57,0.73,0.63,196,15.3173,75.7139
Karnataka,2023-05-11,13906,14374,1.01,61185911,77.63,196,15.52,268,23,71.76,0.91,0.67,161,15.3173,75.7139
Karnataka,2023-05-27,9097,5968,1.1,168477910,85.59,173,7.41,116,39,67.11,0.19,0.83,186,15.3173,75.7139
Karnataka,2023-06-24,2740,12012,3.63,130030542,77.05,356,11.23,316,29,40.08,0.1,0.75,109,15.3173,75.7139
Karnataka,2023-06-26,7055,14536,1.62,114460049,77.17,301,17.68,287,33,41.26,0.58,0.75,137,15.3173,75.7139
Karnataka,2023-07-06,3076,2154,3.94,26112850,75.0,238,8.31,375,50,56.1,0.54,0.58,101,15.3173,75.7139
Karnataka,2023-07-19,7101,2295,3.09,155225604,77.81,391,8.66,484,59,44.88,0.31,0.66,195,15.3173,75.7139
Karnataka,2023-07-22,16450,13973,4.68,95833910,81.54,137,8.06,273,53,73.31,0.78,0.72,123,15.3173,75.7139
Karnataka,2023-07-30,18783,11668,2.86,73414155,80.48,287,10.66,375,57,31.48,0.88,0.79,118,15.3173,75.7139
Karnataka,2023-08-01,8854,9850,1.05,185719412,65.39,369,12.17,384,50,67.84,0.64,0.85,184,15.3173,75.7139
Karnataka,2023-08-04,6190,8955,3.44,63905530,82.29,276,15.99,568,55,59.64,0.5,0.74,158,15.3173,75.7139
Karnataka,2023-08-15,16583,7550,4.5,156761069,61.89,276,17.85,127,30,67.21,0.35,0.77,125,15.3173,75.7139
Karnataka,2023-09-01,6510,5708,2.28,157608856,72.31,215,10.18,115,29,71.04,0.57,0.61,88,15.3173,75.7139
Karnataka,2023-09-07,1045,6451,2.68,23131622,68.59,314,6.86,207,43,62.92,0.32,0.72,180,15.3173,75.7139
Karnataka,2023-09-12,19413,12667,2.75,174792237,74.27,386,13.33,218,45,46.73,0.37,0.81,173,15.3173,75.7139
Karnataka,2023-09-15,14200,13122,2.58,122676047,82.62,114,7.66,367,52,39.31,0.63,0.97,84,15.3173,75.7139
Karnataka,2023-09-17,9831,12345,1.51,67342229,54.22,276,14.71,172,52,40.99,0.51,0.97,197,15.3173,75.7139
Karnataka,2023-10-02,10815,9725,3.76,117114216,60.76,184,7.5,456,23,69.71,0.71,0.69,61,15.3173,75.7139
Karnataka,2023-11-01,8366,10746,4.61,128544312,59.44,173,17.26,486,28,38.13,0.62,0.61,186,15.3173,75.7139
Karnataka,2023-11-21,3631,6413,4.7,83788302,55.57,228,16.33,412,20,71.05,0.44,0.76,81,15.3173,75.7139
Karnataka,2023-12-22,12584,4226,2.93,77538431,50.89,343,7.88,251,33,56.11,0.18,0.97,131,15.3173,75.7139
Karnataka,2023-12-28,9408,2924,1.27,83473588,67.21,239,18.68,187,28,51.27,0.58,0.54,99,15.3173,75.7139
Karnataka,2024-01-08,15047,516,1.05,125838042,64.12,308,9.57,359,38,33.32,0.66,0.82,108,15.3173,75.7139
Karnataka,2024-01-23,10657,3236,2.42,68320880,71.51,347,14.31,178,42,53.44,0.77,0.51,89,15.3173,75.7139
Karnataka,2024-01-25,17376,11004,4.22,177310309,73.33,141,5.06,414,57,56.41,0.78,0.78,158,15.3173,75.7139
Karnataka,2024-02-03,17995,5001,3.9,84106207,86.99,256,7.68,405,27,71.58,0.51,0.8,74,15.3173,75.7139
Karnataka,2024-02-20,12344,10802,4.9,45798668,64.39,340,17.22,452,37,47.22,0.47,0.63,111,15.3173,75.7139
Karnataka,2024-03-01,10286,10727,3.59,181528832,52.26,109,5.24,136,58,62.85,0.22,0.7,109,15.3173,75.7139
Karnataka,2024-04-04,19756,13993,1.25,106948943,80.26,320,15.18,136,50,68.91,0.51,0.77,181,15.3173,75.7139
Karnataka,2024-04-11,12025,8595,4.78,180354999,73.6,271,7.64,576,36,56.74,0.63,0.95,132,15.3173,75.7139
Karnataka,2024-04-25,13409,4611,4.53,112753972,64.28,135,13.51,292,26,37.58,0.86,0.56,166,15.3173,75.7139
Karnataka,2024-05-02,14117,11986,3.61,104634402,76.85,224,5.04,227,51,38.84,0.57,0.82,160,15.3173,75.7139
Karnataka,2024-05-24,19129,2670,1.02,141769089,76.85,345,6.39,384,55,41.04,0.82,0.67,64,15.3173,75.7139
Karnataka,2024-06-11,8235,10969,2.94,68233474,68.43,241,10.76,370,43,63.15,0.76,0.99,171,15.3173,75.7139
Karnataka,2024-06-19,9915,9243,3.34,169093112,88.52,219,8.36,263,46,33.01,0.22,0.88,73,15.3173,75.7139
Karnataka,2024-07-09,4688,11143,4.87,185678339,57.53,118,11.4,435,27,71.98,0.76,0.72,182,15.3173,75.7139
Karnataka,2024-08-26,16946,13319,2.61,158477802,88.03,281,13.71,197,37,69.39,0.52,0.99,58,15.3173,75.7139
Karnataka,2024-08-27,8189,13791,4.31,182005064,85.9,240,17.01,148,35,47.69,0.78,0.72,83,15.3173,75.7139
Karnataka,2024-09-19,10023,6012,4.66,182183111,74.88,311,17.25,305,24,49.81,0.88,0.93,73,15.3173,75.7139
Karnataka,2024-09-28,5176,2259,4.21,82839106,80.28,351,5.88,278,56,49.29,0.68,0.7,62,15.3173,75.7139
Karnataka,2024-10-05,14350,4090,1.32,86457099,59.36,189,11.16,243,41,61.63,0.68,0.71,124,15.3173,75.7139
Karnataka,2024-10-17,12553,2592,1.74,34997155,86.04,292,15.99,254,32,69.82,0.78,0.59,75,15.3173,75.7139
Karnataka,2024-11-13,7786,1111,3.94,42979264,69.64,132,19.51,125,44,76.59,0.9,0.67,75,15.3173,75.7139
Karnataka,2024-12-16,4980,8418,3.72,98096847,88.27,274,13.39,558,37,65.49,0.23,0.73,77,15.3173,75.7139
Kerala,2023-01-11,17039,3042,2.45,145054525,61.97,330,10.38,428,34,61.48,0.24,0.79,68,10.1632,76.6413
Kerala,2023-01-14,15901,12338,4.28,94712605,66.84,175,11.39,288,55,61.81,0.86,0.74,87,10.1632,76.6413
Kerala,2023-02-01,7608,5704,2.7,63038914,72.79,346,8.13,367,57,46.09,0.56,0.58,138,10.1632,76.6413
Kerala,2023-02-13,9747,6278,3.94,119210491,66.04,253,11.59,491,41,52.24,0.45,0.66,71,10.1632,76.6413
Kerala,2023-02-18,12041,3594,4.07,93584951,77.97,399,8.91,276,22,45.93,0.75,0.54,175,10.1632,76.6413
Kerala,2023-03-26,19590,10987,3.69,88675405,50.72,380,14.13,243,24,50.62,0.23,0.64,55,10.1632,76.6413
Kerala,2023-04-29,16861,5293,2.92,94337679,81.22,344,10.33,230,36,58.38,0.96,0.9,113,10.1632,76.6413
Kerala,2023-05-26,4098,13078,2.32,192236390,60.54,327,5.47,226,53,53.78,0.53,0.95,104,10.1632,76.6413
Kerala,2023-06-02,19982,6632,2.85,193484603,76.58,349,12.18,360,58,70.58,0.74,0.72,65,10.1632,76.6413
Kerala,2023-06-03,12643,2111,2.74,92373979,79.87,141,16.24,206,47,34.62,0.29,0.83,85,10.1632,76.6413
Kerala,2023-06-07,18522,1367,4.32,172188708,82.75,290,9.83,425,46,52.65,0.97,0.62,190,10.1632,76.6413
Kerala,2023-06-15,4759,12073,2.93,149225584,79.99,263,19.46,584,57,74.61,0.72,0.76,133,10.1632,76.6413
Kerala,2023-07-11,9142,4233,3.84,41513793,58.97,204,18.5,391,38,77.69,0.59,0.94,116,10.1632,76.6413
Kerala,2023-08-03,11653,2726,1.16,167732677,53.19,345,10.69,526,54,74.18,0.12,0.9,109,10.1632,76.6413
Kerala,2023-08-25,11964,9950,3.14,42412685,71.51,106,7.57,287,39,53.14,0.11,0.6,100,10.1632,76.6413
Kerala,2023-09-21,11787,5942,2.03,51934141,64.14,366,5.69,311,35,50.65,0.46,0.58,77,10.1632,76.6413
Kerala,2023-09-23,6912,6558,4.83,70493879,51.01,396,14.67,195,44,36.38,0.46,0.85,74,10.1632,76.6413
Kerala,2023-10-14,2615,10690,2.52,176622516,68.99,387,13.47,204,32,41.06,0.64,0.9,185,10.1632,76.6413
Kerala,2023-10-15,15550,5152,2.15,67399439,59.81,261,8.34,302,47,61.55,0.75,0.53,101,10.1632,76.6413
Kerala,2023-11-13,8226,3065,2.71,105717827,69.72,208,8.47,550,53,68.13,0.95,0.57,138,10.1632,76.6413
Kerala,2023-12-11,14087,6510,2.4,167098625,85.88,392,19.39,585,37,73.46,0.57,0.73,96,10.1632,76.6413
Kerala,2023-12-19,2019,14308,3.01,79624695,71.17,128,12.33,328,41,40.95,0.84,0.77,139,10.1632,76.6413
Kerala,2024-01-07,18105,13326,4.41,28695874,52.44,352,14.18,371,30,67.58,0.68,0.78,179,10.1632,76.6413
Kerala,2024-01-12,6190,13850,4.55,143816759,54.87,399,11.53,338,26,43.78,0.47,0.86,82,10.1632,76.6413
Kerala,2024-03-17,4404,4183,2.42,87921168,82.7,166,15.09,328,58,57.66,0.75,0.61,96,10.1632,76.6413
Kerala,2024-05-28,9664,7797,2.91,54726967,85.18,102,18.37,399,37,69.49,0.15,0.71,106,10.1632,76.6413
Kerala,2024-06-09,9503,7785,2.27,169774040,73.23,301,19.15,521,51,34.86,0.23,0.8,93,10.1632,76.6413
Kerala,2024-07-05,12977,2277,3.38,191712856,79.95,359,10.09,417,33,47.67,0.61,0.91,100,10.1632,76.6413
Kerala,2024-07-08,18638,7486,1.19,97684621,73.11,249,12.32,416,40,61.21,0.5,0.8,159,10.1632,76.6413
Kerala,2024-07-20,10638,6958,1.23,74068688,55.36,194,16.78,581,59,33.95,0.69,0.71,129,10.1632,76.6413
Kerala,2024-07-24,19095,6988,1.43,179827157,80.46,146,19.14,367,53,71.11,0.24,0.86,69,10.1632,76.6413
Kerala,2024-07-26,6613,9813,4.56,34943771,75.39,301,14.18,579,25,76.31,0.77,0.69,195,10.1632,76.6413
Kerala,2024-07-28,9877,10915,4.19,186573443,65.8,137,8.08,394,35,76.15,0.63,0.93,101,10.1632,76.6413
Kerala,2024-08-10,1871,3935,4.18,35609310,74.28,305,16.72,587,49,75.42,0.92,0.71,90,10.1632,76.6413
Kerala,2024-08-12,1863,7800,2.29,64066069,53.87,385,17.99,202,36,74.85,0.52,0.61,81,10.1632,76.6413
Kerala,2024-09-05,14721,10568,1.11,79881380,81.22,335,19.5,526,28,36.84,0.72,0.82,66,10.1632,76.6413
Kerala,2024-09-24,15035,9474,2.68,131868390,64.71,228,14.89,475,34,52.34,0.54,0.78,113,10.1632,76.6413
Kerala,2024-10-23,8386,4896,2.79,38064309,87.54,206,19.43,518,35,31.6,0.25,0.92,68,10.1632,76.6413
Kerala,2024-11-02,11386,1765,4.61,71934093,60.71,147,9.8,337,34,67.15,0.83,0.66,199,10.1632,76.6413
Kerala,2024-11-18,4407,11268,4.45,28793122,89.29,376,15.51,144,45,58.37,0.83,0.88,56,10.1632,76.6413
Kerala,2024-11-25,9050,13676,4.24,126523943,77.08,132,15.95,565,30,33.7,0.63,0.66,86,10.1632,76.6413
Kerala,2024-12-23,2128,4575,3.56,77296879,60.56,199,9.47,589,59,75.71,0.27,0.64,172,10.1632,76.6413
Kerala,2024-12-26,17160,13986,4.23,59444169,61.18,334,17.5,226,51,38.73,0.17,0.67,99,10.1632,76.6413
Maharashtra,2023-01-15,4280,8648,3.6,189993854,67.28,346,15.64,401,35,75.97,0.98,0.71,92,19.7515,75.7139
Maharashtra,2023-03-06,16814,1056,2.06,42503001,57.04,125,7.54,502,56,65.09,0.47,0.69,172,19.7515,75.7139
Maharashtra,2023-03-09,12638,9400,2.4,176725661,62.93,129,16.69,251,47,64.6,0.76,0.51,66,19.7515,75.7139
Maharashtra,2023-03-17,10597,14048,1.78,178663625,70.94,225,14.14,240,36,41.02,0.15,0.58,198,19.7515,75.7139
Maharashtra,2023-03-27,3708,3313,1.3,42424343,88.61,224,15.4,145,58,46.84,0.46,0.92,132,19.7515,75.7139
Maharashtra,2023-04-03,2379,4058,3.27,44882921,56.58,153,9.84,366,33,71.6,0.38,0.58,64,19.7515,75.7139
Maharashtra,2023-04-09,7208,2345,2.82,69416350,73.39,168,6.42,437,50,78.8,0.52,0.76,174,19.7515,75.7139
Maharashtra,2023-05-07,1236,9744,4.02,107787580,76.09,177,12.26,264,48,31.67,0.93,0.93,157,19.7515,75.7139
Maharashtra,2023-05-08,12629,12876,4.72,76573279,82.89,263,13.79,170,30,68.91,0.88,0.76,156,19.7515,75.7139
Maharashtra,2023-05-17,12652,5391,3.89,153469701,73.48,270,15.61,446,38,34.92,0.87,0.72,77,19.7515,75.7139
Maharashtra,2023-06-05,3653,2290,3.86,132529230,61.56,269,17.62,432,45,76.23,0.72,0.62,155,19.7515,75.7139
Maharashtra,2023-06-06,2454,7717,4.05,156853037,77.38,189,6.41,350,46,38.56,0.82,0.99,120,19.7515,75.7139
Maharashtra,2023-06-20,18729,4836,1.18,38557077,75.66,275,14.66,207,33,79.51,0.71,0.55,89,19.7515,75.7139
Maharashtra,2023-06-29,19775,6286,4.01,122904973,88.11,169,18.62,411,22,76.63,0.64,0.82,103,19.7515,75.7139
Maharashtra,2023-07-03,18601,13200,2.78,46472692,78.63,183,14.46,382,57,41.24,0.79,0.58,196,19.7515,75.7139
Maharashtra,2023-07-12,7260,3729,2.71,109524482,75.74,177,10.2,196,39,46.66,0.34,0.53,89,19.7515,75.7139
Maharashtra,2023-07-23,11043,11119,4.3,38142845,68.82,135,7.29,373,28,37.32,0.56,0.88,52,19.7515,75.7139
Maharashtra,2023-08-08,15102,7342,2.49,97812197,52.99,335,17.2,132,43,46.99,0.86,0.6,99,19.7515,75.7139
Maharashtra,2023-08-10,2667,10798,2.9,44920221,64.68,168,12.06,532,26,51.89,0.3,0.95,186,19.7515,75.7139
Maharashtra,2023-08-17,2408,11530,4.04,139923739,83.64,115,19.68,586,53,38.2,0.53,0.53,113,19.7515,75.7139
Maharashtra,2023-08-26,5098,14264,2.73,164840014,88.86,121,12.59,186,33,71.16,0.95,0.94,169,19.7515,75.7139
Maharashtra,2023-08-28,12939,8890,3.35,74622188,53.07,397,12.64,596,43,58.08,0.64,0.74,110,19.7515,75.7139
Maharashtra,2023-09-13,6717,9269,1.83,49476982,51.76,361,11.88,100,58,50.96,0.71,0.89,197,19.7515,75.7139
Maharashtra,2023-09-14,3696,7176,3.68,23675798,82.45,246,17.72,329,41,68.5,0.61,0.51,152,19.7515,75.7139
Maharashtra,2023-09-26,4597,9020,1.83,53714102,71.05,372,15.45,386,56,71.82,0.15,0.81,104,19.7515,75.7139
Maharashtra,2023-10-07,8311,13217,3.71,198640351,64.27,101,10.82,541,25,39.16,0.68,0.87,154,19.7515,75.7139
Maharashtra,2023-10-22,6854,4296,2.97,186696301,54.7,368,10.87,422,45,68.15,0.14,0.58,57,19.7515,75.7139
Maharashtra,2023-11-10,4343,2599,4.58,61285206,82.74,288,18.12,532,59,74.77,0.13,0.66,65,19.7515,75.7139
Maharashtra,2023-11-11,3056,6886,1.47,199568431,84.96,114,15.5,350,40,51.48,0.8,0.83,81,19.7515,75.7139
Maharashtra,2023-11-17,12530,5516,4.11,148024547,74.07,325,11.32,179,25,76.55,0.11,0.95,173,19.7515,75.7139
Maharashtra,2023-12-06,3395,5844,4.59,58989309,86.71,167,17.54,423,58,40.09,0.61,0.74,61,19.7515,75.7139
Maharashtra,2023-12-13,7792,1881,2.57,101520681,51.32,142,12.31,489,46,53.75,0.1,0.53,71,19.7515,75.7139
Maharashtra,2023-12-23,6965,2387,4.47,48625510,55.7,238,16.01,327,35,64.25,0.71,0.88,113,19.7515,75.7139
Maharashtra,2023-12-24,12464,10015,1.48,29677746,65.03,388,12.9,230,38,56.33,0.48,0.66,75,19.7515,75.7139
Maharashtra,2023-12-29,1195,12076,2.7,41923966,68.23,100,10.06,307,25,56.47,0.93,0.81,193,19.7515,75.7139
Maharashtra,2023-12-30,4273,14440,1.5,51638831,85.39,283,7.51,402,45,35.69,0.28,0.87,110,19.7515,75.7139
Maharashtra,2024-03-24,5801,3551,3.34,161197826,63.71,142,16.74,277,29,40.01,0.52,0.72,163,19.7515,75.7139
Maharashtra,2024-04-10,17717,13801,2.11,132871681,70.01,309,7.77,542,41,53.0,0.73,0.94,189,19.7515,75.7139
Maharashtra,2024-04-14,1079,2726,3.09,75428629,66.31,126,11.97,389,39,40.8,0.68,0.54,54,19.7515,75.7139
Maharashtra,2024-05-01,19063,4724,4.59,167734359,76.36,118,13.8,288,47,64.05,0.55,0.93,51,19.7515,75.7139
Maharashtra,2024-05-19,18408,4694,3.31,26374457,80.2,120,5.1,174,44,79.73,0.42,0.77,87,19.7515,75.7139
Maharashtra,2024-06-01,13844,10444,2.2,103096258,87.46,257,7.87,224,52,52.06,0.74,0.91,109,19.7515,75.7139
Maharashtra,2024-06-02,1589,8567,2.64,61286777,84.72,170,19.18,416,23,58.81,0.63,0.53,176,19.7515,75.7139
Maharashtra,2024-06-08,6399,5905,3.54,161885340,57.51,339,17.0,242,58,61.19,0.54,0.82,122,19.7515,75.7139
Maharashtra,2024-06-12,17417,8851,2.33,153495837,83.63,237,16.82,573,32,57.43,0.73,0.55,159,19.7515,75.7139
Maharashtra,2024-06-28,9983,10184,4.32,37713108,60.84,331,14.48,588,50,63.15,0.67,0.64,120,19.7515,75.7139
Maharashtra,2024-07-02,7118,5764,3.13,120691758,65.15,212,10.72,190,57,44.56,0.66,0.99,163,19.7515,75.7139
Maharashtra,2024-07-11,7342,13925,1.18,199650138,57.15,119,5.78,123,28,73.47,0.96,0.86,183,19.7515,75.7139
Maharashtra,2024-07-30,8824,13671,3.4,189632100,58.39,127,6.79,249,28,48.42,0.8,0.78,66,19.7515,75.7139
Maharashtra,2024-08-31,15730,10171,1.42,65589147,50.29,276,5.78,506,53,61.02,0.16,0.56,187,19.7515,75.7139
Maharashtra,2024-09-16,3015,1470,2.75,33568003,59.49,254,18.42,136,45,69.06,0.58,0.61,160,19.7515,75.7139
Maharashtra,2024-11-06,7661,14607,4.17,154708369,63.78,132,15.87,507,51,51.05,0.54,0.69,68,19.7515,75.7139
Maharashtra,2024-12-04,3925,12143,2.73,66200345,79.46,303,16.93,285,35,39.0,0.87,0.52,190,19.7515,75.7139
Maharashtra,2024-12-08,17830,11465,3.16,158171104,54.5,345,19.14,275,55,68.96,0.7,0.64,54,19.7515,75.7139
Maharashtra,2024-12-17,12576,5737,3.01,104807868,81.15,231,17.01,399,27,78.45,0.24,0.55,145,19.7515,75.7139
Maharashtra,2024-12-27,17941,8136,2.41,187678476,55.03,363,11.4,437,40,60.16,0.22,0.85,145,19.7515,75.7139
Odisha,2023-02-28,9968,3584,2.5,107363700,69.13,176,17.77,417,50,69.71,0.94,0.95,191,20.2376,84.2700
Odisha,2023-03-02,5674,12953,4.46,66810474,59.64,198,17.33,331,49,66.8,0.32,0.94,164,20.2376,84.2700
Odisha,2023-03-05,10695,4496,1.95,172297457,54.89,376,11.27,522,57,52.23,0.34,0.78,156,20.2376,84.2700
Odisha,2023-04-17,18326,963,1.79,27151069,67.38,139,19.16,258,53,58.19,0.96,0.85,64,20.2376,84.2700
Odisha,2023-04-23,2620,2415,2.43,156015882,60.41,365,14.89,309,40,42.96,0.9,0.54,178,20.2376,84.2700
Odisha,2023-04-27,10745,815,2.5,25751917,68.73,361,13.93,516,48,60.93,0.54,0.73,90,20.2376,84.2700
Odisha,2023-05-01,9599,1876,4.37,37669465,76.1,393,14.55,455,40,71.64,0.78,0.66,188,20.2376,84.2700
Odisha,2023-05-09,12549,11114,3.76,34898076,89.57,176,11.33,383,55,40.36,0.1,0.92,60,20.2376,84.2700
Odisha,2023-08-23,18804,9875,4.44,190038537,78.75,287,13.02,492,51,76.63,0.98,0.53,158,20.2376,84.2700
Odisha,2023-10-03,18383,11965,3.44,128038456,56.48,257,8.15,165,23,53.81,0.61,0.51,173,20.2376,84.2700
Odisha,2023-10-06,1773,3240,2.72,166542008,56.88,155,19.64,250,32,41.81,0.31,0.61,99,20.2376,84.2700
Odisha,2023-10-30,17076,11025,3.6,148137362,64.52,243,7.51,321,51,65.81,0.68,0.81,78,20.2376,84.2700
Odisha,2023-11-04,6361,5818,3.5,141957922,51.7,385,16.85,169,29,53.59,0.27,0.9,161,20.2376,84.2700
Odisha,2023-11-16,19830,12114,4.56,38746203,76.53,186,16.6,402,58,58.63,0.47,0.97,120,20.2376,84.2700
Odisha,2023-12-15,2565,7512,1.79,67294951,67.93,198,18.56,291,49,52.75,0.5,0.57,134,20.2376,84.2700
Odisha,2024-01-04,18905,1817,1.36,101535815,51.37,362,15.13,556,59,55.32,0.57,0.97,117,20.2376,84.2700
Odisha,2024-01-16,10294,9641,3.42,102829341,75.3,134,14.46,475,53,68.81,0.34,0.7,138,20.2376,84.2700
Odisha,2024-02-02,9052,12383,1.76,106468118,64.25,224,16.23,522,50,40.71,0.99,0.65,97,20.2376,84.2700
Odisha,2024-02-08,11216,8717,2.0,172950607,82.8,179,19.3,252,24,51.83,0.59,0.87,72,20.2376,84.2700
Odisha,2024-02-25,6190,13684,2.13,41047671,71.95,231,13.0,413,27,44.13,0.8,0.53,87,20.2376,84.2700
Odisha,2024-03-13,2126,12588,3.91,99355886,50.29,146,15.58,507,38,30.76,0.85,0.79,94,20.2376,84.2700
Odisha,2024-03-23,13575,12002,1.76,148573171,81.4,111,9.98,149,50,79.12,0.23,0.69,93,20.2376,84.2700
Odisha,2024-03-27,6400,12738,2.22,36477135,83.98,264,7.55,433,30,65.69,0.41,0.74,161,20.2376,84.2700
Odisha,2024-04-05,17167,3766,1.62,148829393,79.06,339,10.28,194,54,69.17,0.46,0.98,125,20.2376,84.2700
Odisha,2024-04-06,11380,7517,1.88,165803354,50.18,395,10.89,243,23,66.62,0.33,0.72,176,20.2376,84.2700
Odisha,2024-04-12,19715,12631,1.34,26194416,54.12,119,10.4,292,44,72.82,0.4,0.83,130,20.2376,84.2700
Odisha,2024-04-18,4976,9769,2.64,114101369,76.38,263,19.17,453,46,58.6,0.17,0.55,92,20.2376,84.2700
Odisha,2024-04-19,18768,12677,2.14,82699030,79.09,330,8.73,419,33,72.54,0.4,0.79,165,20.2376,84.2700
Odisha,2024-05-20,6672,12160,4.22,124673367,70.96,253,16.31,218,26,40.02,0.97,0.95,139,20.2376,84.2700
Odisha,2024-05-22,18254,12958,4.34,81150451,64.26,368,13.13,591,50,79.92,0.65,0.95,97,20.2376,84.2700
Odisha,2024-05-30,9271,8526,1.21,115820592,88.43,262,16.97,277,57,60.74,0.79,0.82,113,20.2376,84.2700
Odisha,2024-06-07,15263,4116,1.24,63341347,82.42,212,5.12,444,20,69.31,0.14,0.58,70,20.2376,84.2700
Odisha,2024-06-29,17283,9933,3.8,85411640,88.3,271,7.95,516,45,78.87,0.72,0.67,159,20.2376,84.2700
Odisha,2024-06-30,4700,13223,4.96,159778717,72.37,305,10.86,336,42,65.29,0.41,0.86,185,20.2376,84.2700
Odisha,2024-08-13,15883,7402,4.03,101375644,77.08,144,8.84,538,54,71.3,0.16,0.65,193,20.2376,84.2700
Odisha,2024-09-08,4515,10743,1.59,20400604,57.49,270,14.48,140,52,38.38,0.91,0.93,109,20.2376,84.2700
Odisha,2024-09-25,17108,1004,3.34,61422271,74.23,275,15.46,302,38,33.97,0.55,0.74,74,20.2376,84.2700
Odisha,2024-10-03,13589,14167,1.78,39085404,84.91,158,13.85,480,40,67.58,0.38,0.78,76,20.2376,84.2700
Odisha,2024-10-14,1275,12677,4.04,21239168,51.86,221,6.54,502,37,51.89,0.41,0.94,92,20.2376,84.2700
Odisha,2024-10-19,11072,14443,1.4,66701884,86.02,196,5.66,268,59,35.76,0.22,0.66,71,20.2376,84.2700
Odisha,2024-11-03,12692,3483,4.64,105820449,68.5,207,18.67,303,20,58.9,0.62,0.7,189,20.2376,84.2700
Odisha,2024-11-29,9115,8708,3.27,63797567,86.92,245,13.03,403,38,72.43,0.66,0.51,144,20.2376,84.2700
Odisha,2024-12-14,16457,6225,1.05,148712414,54.85,294,9.34,581,52,62.93,0.75,0.55,138,20.2376,84.2700
Odisha,2024-12-24,14986,13278,1.3,95729774,72.73,327,19.1,512,22,65.35,0.43,0.87,182,20.2376,84.2700
Punjab,2023-01-03,6079,4999,3.77,61792904,80.05,314,6.84,476,34,77.2,0.56,0.73,194,31.1471,75.3412
Punjab,2023-01-06,4524,3165,3.3,64818263,88.66,360,8.55,446,54,39.26,0.11,0.53,82,31.1471,75.3412
Punjab,2023-01-07,9998,8923,3.94,69832806,53.87,307,9.76,155,24,34.79,0.64,0.84,85,31.1471,75.3412
Punjab,2023-03-12,13071,14391,4.89,182815832,72.36,257,19.24,347,30,32.8,0.68,0.89,192,31.1471,75.3412
Punjab,2023-04-25,3882,4122,3.75,129866113,67.03,361,12.71,547,52,43.62,0.21,0.51,169,31.1471,75.3412
Punjab,2023-05-05,6487,13694,2.15,81513348,81.12,346,13.92,387,43,65.98,0.18,0.77,89,31.1471,75.3412
Punjab,2023-06-11,16775,4316,4.42,185104675,77.48,385,14.42,447,41,67.49,0.71,0.63,146,31.1471,75.3412
Punjab,2023-06-17,13460,3055,2.31,29844832,61.8,378,11.22,384,24,45.07,0.49,0.61,149,31.1471,75.3412
Punjab,2023-07-04,7007,6554,2.71,40692322,62.16,224,11.03,202,29,55.94,0.26,0.84,168,31.1471,75.3412
Punjab,2023-07-24,17210,12206,1.26,167241005,63.33,214,10.33,410,58,45.3,0.29,0.66,156,31.1471,75.3412
Punjab,2023-09-28,1329,9030,1.76,183891545,87.68,247,8.34,567,35,45.86,0.58,0.94,113,31.1471,75.3412
Punjab,2023-10-20,12587,12804,2.64,166232360,84.32,130,11.52,294,42,68.84,0.92,0.78,74,31.1471,75.3412
Punjab,2023-12-25,19653,4309,4.72,32442414,85.36,332,19.86,146,58,71.85,0.94,0.76,147,31.1471,75.3412
Punjab,2024-01-02,4212,5974,3.92,154018426,87.59,152,8.49,152,44,45.06,0.19,0.86,90,31.1471,75.3412
Punjab,2024-01-17,17732,12688,3.9,153425914,58.58,390,11.47,187,58,54.91,0.26,0.88,101,31.1471,75.3412
Punjab,2024-03-02,1045,2052,3.81,198608679,51.23,209,7.1,173,32,42.18,0.82,0.63,142,31.1471,75.3412
Punjab,2024-03-03,8758,8316,3.01,104536326,78.0,350,12.05,220,40,60.17,0.45,0.52,194,31.1471,75.3412
Punjab,2024-04-22,6283,7816,1.8,191565616,64.31,141,12.94,504,23,45.9,0.53,0.52,150,31.1471,75.3412
Punjab,2024-05-04,8440,5863,1.13,192084291,50.64,226,13.7,309,55,45.71,0.25,0.54,122,31.1471,75.3412
Punjab,2024-06-05,19268,12420,4.1,105965437,58.66,273,14.54,549,55,64.53,0.11,0.93,199,31.1471,75.3412
Punjab,2024-07-21,14222,9651,4.02,156479005,87.78,181,19.45,281,51,62.82,0.92,0.9,63,31.1471,75.3412
Punjab,2024-08-14,13145,13169,4.17,62900724,83.85,135,11.4,345,32,30.7,0.67,0.74,114,31.1471,75.3412
Punjab,2024-08-15,4055,6299,3.78,112417863,75.25,137,18.13,532,55,69.84,0.6,0.99,139,31.1471,75.3412
Punjab,2024-08-17,3682,7944,3.36,60109526,50.1,173,5.83,272,20,45.87,0.29,0.54,94,31.1471,75.3412
Punjab,2024-08-20,14805,7178,3.78,102754699,78.35,266,16.91,484,47,63.33,0.12,0.73,197,31.1471,75.3412
Punjab,2024-09-12,19006,14908,4.52,142005483,83.52,387,19.23,125,59,35.99,0.18,0.9,64,31.1471,75.3412
Punjab,2024-10-01,2886,14887,3.6,72008091,55.95,304,12.27,408,35,64.95,0.44,0.9,129,31.1471,75.3412
Punjab,2024-11-11,1794,13622,3.95,90979113,88.86,223,8.06,480,50,37.58,0.16,0.54,179,31.1471,75.3412
Punjab,2024-11-19,18358,5924,1.2,175868453,75.17,358,14.91,287,56,62.59,0.7,0.7,98,31.1471,75.3412
Punjab,2024-11-27,6415,3872,1.84,34333815,50.42,358,17.56,582,30,39.29,0.68,0.82,173,31.1471,75.3412
Punjab,2024-12-12,19547,11680,4.98,22879575,59.97,116,9.75,121,38,57.5,0.84,0.51,170,31.1471,75.3412
Punjab,2024-12-15,10543,13524,4.58,77822265,54.21,104,12.91,267,56,79.05,0.71,0.93,82,31.1471,75.3412
Rajasthan,2023-01-04,15341,2680,3.23,84509226,56.2,319,13.89,417,53,76.37,0.5,0.53,124,27.0238,74.2179
Rajasthan,2023-01-09,14606,12866,3.21,33313689,64.96,228,17.69,393,45,73.66,0.65,0.89,140,27.0238,74.2179
Rajasthan,2023-02-05,5876,11280,1.59,103596916,56.14,177,12.47,520,27,32.8,0.58,0.96,143,27.0238,74.2179
Rajasthan,2023-02-11,18996,2613,2.36,71948988,54.91,186,9.22,447,38,30.07,0.98,0.57,57,27.0238,74.2179
Rajasthan,2023-02-24,12183,12420,3.01,151874692,67.06,267,8.64,336,22,66.87,0.64,0.69,129,27.0238,74.2179
Rajasthan,2023-02-26,13877,5924,1.55,31993626,67.1,172,10.46,548,32,39.3,0.96,0.62,194,27.0238,74.2179
Rajasthan,2023-03-11,16977,4165,3.84,183810764,67.61,195,19.33,335,44,55.52,0.76,0.52,77,27.0238,74.2179
Rajasthan,2023-03-14,7618,7047,1.25,21464571,76.9,253,7.21,496,48,78.54,0.63,0.55,152,27.0238,74.2179
Rajasthan,2023-03-24,5409,7191,1.74,199434259,58.88,111,17.3,278,27,70.93,0.15,0.54,66,27.0238,74.2179
Rajasthan,2023-04-01,7553,6972,4.23,92416475,59.93,379,13.31,532,57,48.65,0.32,0.97,125,27.0238,74.2179
Rajasthan,2023-05-14,7339,14982,2.3,97251495,73.4,350,19.59,492,31,53.5,0.61,0.87,185,27.0238,74.2179
Rajasthan,2023-06-30,10232,14350,4.84,71177086,80.99,241,17.03,104,20,78.88,0.6,0.63,163,27.0238,74.2179
Rajasthan,2023-07-02,1961,8485,2.46,93925888,66.48,195,6.32,576,32,36.6,0.98,0.65,195,27.0238,74.2179
Rajasthan,2023-07-26,1594,10770,2.37,149019178,87.49,114,7.19,180,27,72.28,0.44,0.68,146,27.0238,74.2179
Rajasthan,2023-07-29,9212,6645,4.56,101107940,80.51,325,19.15,163,36,52.73,0.82,0.57,122,27.0238,74.2179
Rajasthan,2023-08-13,6122,10039,4.25,121568044,78.92,274,6.11,365,58,58.74,0.13,0.67,118,27.0238,74.2179
Rajasthan,2023-08-24,4377,3324,2.33,65926508,77.66,226,11.82,319,53,73.03,0.8,0.87,100,27.0238,74.2179
Rajasthan,2023-09-18,6004,4344,2.29,168839549,79.91,181,18.89,405,28,41.55,0.38,0.63,77,27.0238,74.2179
Rajasthan,2023-09-25,15635,9302,1.93,41922508,77.13,108,9.86,488,44,75.49,0.26,0.65,73,27.0238,74.2179
Rajasthan,2023-10-08,16203,14318,4.27,55980615,57.47,315,7.14,376,24,69.7,0.7,0.68,68,27.0238,74.2179
Rajasthan,2023-10-23,17600,14636,3.87,54829377,63.09,370,6.81,199,30,34.49,0.39,0.59,184,27.0238,74.2179
Rajasthan,2023-11-02,5427,8164,1.09,177826636,71.83,190,5.39,553,51,57.0,0.28,0.87,84,27.0238,74.2179
Rajasthan,2023-11-15,9584,8800,1.0,160080014,64.16,213,8.26,591,22,30.98,0.46,0.82,153,27.0238,74.2179
Rajasthan,2023-12-31,16330,5939,1.19,95780890,78.99,122,13.21,451,55,71.57,0.85,0.76,50,27.0238,74.2179
Rajasthan,2024-01-10,1639,10494,4.98,156009465,82.64,104,16.85,494,24,53.03,0.4,0.74,170,27.0238,74.2179
Rajasthan,2024-03-14,14348,9530,3.8,92291257,54.55,382,18.94,195,23,45.79,0.57,0.96,103,27.0238,74.2179
Rajasthan,2024-03-21,16195,8095,4.68,92850089,86.96,240,5.21,327,28,36.07,0.99,0.89,112,27.0238,74.2179
Rajasthan,2024-04-07,7617,10349,4.27,193732185,81.68,318,9.27,176,31,64.41,0.84,0.56,53,27.0238,74.2179
Rajasthan,2024-05-08,8471,13531,1.12,144708591,54.49,303,11.5,591,25,72.17,0.29,0.51,138,27.0238,74.2179
Rajasthan,2024-05-11,8008,13763,3.17,176798691,52.93,355,15.7,291,31,68.83,0.2,0.68,65,27.0238,74.2179
Rajasthan,2024-05-13,9632,543,4.4,43953276,78.47,358,9.48,332,37,47.35,0.45,0.66,156,27.0238,74.2179
Rajasthan,2024-07-04,3122,14088,3.28,184826818,61.04,261,13.18,494,24,51.76,0.98,0.51,111,27.0238,74.2179
Rajasthan,2024-07-06,9250,559,1.41,28742593,54.67,333,6.14,402,35,52.98,0.73,0.52,169,27.0238,74.2179
Rajasthan,2024-08-22,2872,5054,4.65,82038636,70.66,312,10.4,457,43,79.07,0.91,0.94,68,27.0238,74.2179
Rajasthan,2024-08-24,8723,9661,3.22,112239310,80.69,346,16.57,323,42,52.37,0.21,0.5,130,27.0238,74.2179
Rajasthan,2024-09-17,11236,8320,3.35,65961551,85.14,232,8.24,552,42,34.03,0.11,0.54,84,27.0238,74.2179
Rajasthan,2024-10-25,8340,1285,4.92,82044832,58.88,262,5.88,322,55,64.18,0.15,0.52,111,27.0238,74.2179
Rajasthan,2024-10-26,10487,2816,3.71,38400899,56.88,133,12.13,101,23,43.8,0.43,0.86,94,27.0238,74.2179
Rajasthan,2024-11-14,5014,7728,3.2,153488922,84.79,131,8.97,144,39,73.11,0.84,0.59,148,27.0238,74.2179
Rajasthan,2024-11-28,16398,11688,2.1,152917845,82.97,275,5.76,352,27,54.63,0.33,0.53,198,27.0238,74.2179
Rajasthan,2024-12-25,17161,6662,3.54,45866340,84.3,331,6.63,296,34,34.2,0.52,0.64,119,27.0238,74.2179
Tamil Nadu,2023-01-08,14697,11284,1.41,133598648,60.84,380,9.3,216,20,77.48,0.87,0.6,162,11.1271,78.6569
Tamil Nadu,2023-01-29,12859,11865,4.99,134608331,71.52,286,18.66,535,35,66.97,0.29,1.0,85,11.1271,78.6569
Tamil Nadu,2023-02-10,2753,10367,3.94,43157857,86.62,157,18.21,482,32,62.3,0.16,0.73,87,11.1271,78.6569
Tamil Nadu,2023-02-12,4275,1457,3.36,84139356,75.32,273,16.13,389,21,47.48,0.17,0.83,109,11.1271,78.6569
Tamil Nadu,2023-02-16,1824,6528,1.27,135552393,81.38,155,12.59,287,45,30.77,0.34,0.79,57,11.1271,78.6569
Tamil Nadu,2023-02-20,12517,3307,1.54,190342464,55.41,377,15.15,226,24,51.66,0.9,0.62,104,11.1271,78.6569
Tamil Nadu,2023-04-20,18417,7760,1.16,158570149,52.64,294,10.14,450,44,62.96,0.84,0.56,127,11.1271,78.6569
Tamil Nadu,2023-04-26,17554,7576,2.23,152145886,77.22,130,9.72,595,46,68.49,0.67,0.57,102,11.1271,78.6569
Tamil Nadu,2023-06-10,13812,827,2.52,173294450,83.02,232,7.06,422,32,73.35,0.26,0.99,182,11.1271,78.6569
Tamil Nadu,2023-06-25,12218,14175,2.89,102774503,60.66,199,11.98,492,21,61.94,0.7,0.66,146,11.1271,78.6569
Tamil Nadu,2023-07-27,17890,6714,1.85,111641876,74.06,183,12.07,205,32,50.05,1.0,0.74,69,11.1271,78.6569
Tamil Nadu,2023-08-07,4678,6430,1.76,84212412,60.24,360,12.47,513,45,47.49,0.64,0.53,167,11.1271,78.6569
Tamil Nadu,2023-08-09,17720,11793,4.44,23346551,89.39,244,13.44,245,25,37.95,0.61,0.73,127,11.1271,78.6569
Tamil Nadu,2023-08-31,7560,2955,3.75,176348847,87.73,262,18.05,375,21,66.11,0.5,0.56,137,11.1271,78.6569
Tamil Nadu,2023-10-05,2561,3833,4.21,161232026,55.94,219,7.31,257,23,30.16,0.57,0.89,141,11.1271,78.6569
Tamil Nadu,2023-10-28,5606,1000,2.6,66543578,66.94,312,16.03,580,48,67.22,0.18,0.52,51,11.1271,78.6569
Tamil Nadu,2023-12-05,12155,1003,1.87,171836847,64.32,358,7.68,299,31,55.82,0.3,0.8,85,11.1271,78.6569
Tamil Nadu,2023-12-10,8111,14655,2.03,154749424,80.22,386,10.01,337,32,63.71,0.9,0.71,79,11.1271,78.6569
Tamil Nadu,2023-12-16,4667,11679,1.19,155463827,84.79,359,13.86,340,20,62.71,0.85,0.5,141,11.1271,78.6569
Tamil Nadu,2024-01-15,2251,1973,4.42,28782925,78.68,248,12.7,443,43,51.62,0.67,0.79,165,11.1271,78.6569
Tamil Nadu,2024-01-18,5052,9760,1.92,150642750,82.61,134,19.59,350,23,78.94,0.51,0.55,175,11.1271,78.6569
Tamil Nadu,2024-01-19,1271,4811,1.62,44417394,72.5,266,10.96,473,39,70.09,0.75,0.66,104,11.1271,78.6569
Tamil Nadu,2024-01-27,13015,6059,4.53,198706078,66.36,129,12.98,330,55,53.17,0.34,0.98,65,11.1271,78.6569
Tamil Nadu,2024-02-10,14343,8864,1.13,53740552,58.35,358,16.55,412,22,74.92,1.0,0.79,168,11.1271,78.6569
Tamil Nadu,2024-02-22,10910,2545,4.26,36248430,82.27,268,13.16,139,20,55.88,0.64,0.74,87,11.1271,78.6569
Tamil Nadu,2024-03-28,7875,11902,2.26,97234987,50.52,263,8.27,297,53,55.89,0.36,0.64,132,11.1271,78.6569
Tamil Nadu,2024-03-29,9656,13784,4.48,108784080,70.93,131,5.58,321,43,33.38,0.77,0.77,132,11.1271,78.6569
Tamil Nadu,2024-04-24,19676,12131,1.7,104327637,55.36,112,9.44,234,22,32.01,0.56,0.68,60,11.1271,78.6569
Tamil Nadu,2024-05-12,4324,7748,2.61,108013558,84.17,155,7.16,385,27,79.93,0.3,0.73,185,11.1271,78.6569
Tamil Nadu,2024-05-16,17027,2059,1.1,71631801,64.31,236,10.81,445,25,79.78,0.41,0.54,114,11.1271,78.6569
Tamil Nadu,2024-07-01,13145,5327,4.74,29842544,76.54,318,15.49,132,21,67.12,0.95,0.67,72,11.1271,78.6569
Tamil Nadu,2024-08-04,7928,9760,1.93,146045026,89.12,200,6.69,305,23,45.65,0.24,0.61,195,11.1271,78.6569
Tamil Nadu,2024-08-23,12346,549,2.19,146674440,66.54,319,13.88,255,21,66.14,0.81,0.73,185,11.1271,78.6569
Tamil Nadu,2024-08-25,14871,1487,4.31,196918559,78.91,250,16.91,492,41,39.01,0.98,0.97,196,11.1271,78.6569
Tamil Nadu,2024-09-15,3453,3315,1.87,45270245,58.72,200,7.85,233,37,59.44,0.1,0.71,76,11.1271,78.6569
Tamil Nadu,2024-10-15,6271,14872,1.53,160454340,72.14,253,19.63,164,29,39.38,0.85,0.97,58,11.1271,78.6569
Tamil Nadu,2024-10-21,19228,2175,1.3,137112940,56.49,380,12.82,348,38,45.29,0.84,0.54,96,11.1271,78.6569
Tamil Nadu,2024-11-10,12937,8762,4.32,110465183,52.68,102,6.45,247,25,63.68,0.51,0.97,181,11.1271,78.6569
Tamil Nadu,2024-11-16,13545,6012,3.35,109506762,57.26,172,13.41,472,34,36.92,0.26,0.81,100,11.1271,78.6569
Tamil Nadu,2024-11-20,17053,8882,4.6,186783781,69.08,330,5.91,395,30,64.53,0.56,0.63,92,11.1271,78.6569
Tamil Nadu,2024-12-03,8450,3639,4.44,56796876,81.4,108,11.17,339,53,65.02,0.51,0.93,100,11.1271,78.6569
Tamil Nadu,2024-12-13,11774,14748,4.78,25802007,50.89,290,14.93,185,33,44.47,0.36,0.75,83,11.1271,78.6569
Telangana,2023-01-02,3558,10992,1.2,76674371,88.05,144,19.41,363,33,42.95,0.31,0.87,185,18.1124,79.0193
Telangana,2023-01-21,15274,1887,2.24,125244782,84.43,232,13.95,573,37,34.83,0.35,0.58,178,18.1124,79.0193
Telangana,2023-01-22,1868,11995,1.83,145364232,66.81,335,8.24,146,27,35.91,0.81,0.7,198,18.1124,79.0193
Telangana,2023-02-02,10717,5504,3.14,146331140,60.33,396,19.15,477,32,60.6,0.69,0.87,148,18.1124,79.0193
Telangana,2023-02-06,18835,6940,2.53,73225518,84.9,206,6.23,105,38,54.02,0.48,0.69,120,18.1124,79.0193
Telangana,2023-02-23,9266,1387,3.4,147185856,69.26,315,10.85,525,20,69.95,0.82,0.97,199,18.1124,79.0193
Telangana,2023-03-01,15639,1375,2.26,105150587,73.28,156,9.72,157,32,41.69,0.41,0.74,176,18.1124,79.0193
Telangana,2023-03-04,16314,8008,3.92,176885611,78.4,374,18.22,528,51,35.92,0.81,0.8,166,18.1124,79.0193
Telangana,2023-04-06,15449,3353,3.42,194768225,72.85,320,6.48,332,48,34.95,0.7,0.75,141,18.1124,79.0193
Telangana,2023-04-14,14973,8066,1.07,146326955,64.62,241,18.81,296,25,55.65,0.96,0.55,109,18.1124,79.0193
Telangana,2023-04-15,18769,3682,1.78,37370717,89.77,388,11.98,421,26,67.0,0.14,0.88,94,18.1124,79.0193
Telangana,2023-04-24,4535,9615,2.04,161439844,63.71,344,12.99,586,42,50.83,0.85,0.6,134,18.1124,79.0193
Telangana,2023-05-20,8730,10221,3.01,101198675,61.22,377,15.27,155,44,36.23,0.89,0.73,123,18.1124,79.0193
Telangana,2023-08-27,8619,8525,3.84,141856133,77.77,123,17.52,253,24,70.06,0.56,0.81,87,18.1124,79.0193
Telangana,2023-09-20,5402,10985,1.1,176863016,87.0,150,15.6,194,41,38.02,0.99,0.73,137,18.1124,79.0193
Telangana,2023-10-13,4973,2582,4.39,164199488,70.87,370,17.84,175,55,50.87,0.64,0.97,107,18.1124,79.0193
Telangana,2023-10-19,14861,13041,4.49,191595279,78.02,205,8.79,394,52,35.39,0.16,0.53,64,18.1124,79.0193
Telangana,2023-10-31,19280,8605,3.33,199703151,56.19,289,14.57,263,42,35.47,0.25,0.8,109,18.1124,79.0193
Telangana,2023-11-12,10416,5838,2.82,83520074,52.84,233,11.73,334,53,30.09,0.57,0.69,107,18.1124,79.0193
Telangana,2023-11-27,5422,1540,2.38,170648149,63.48,254,17.44,599,27,79.76,0.71,0.55,157,18.1124,79.0193
Telangana,2024-02-17,4646,11535,1.71,43508835,84.86,160,15.61,282,43,37.34,0.28,0.99,79,18.1124,79.0193
Telangana,2024-03-04,1455,13664,1.58,110931635,59.8,293,15.63,130,28,71.06,0.47,1.0,119,18.1124,79.0193
Telangana,2024-04-20,3124,12532,2.35,87905795,50.43,289,16.31,595,36,55.94,0.45,0.83,148,18.1124,79.0193
Telangana,2024-04-26,13319,12963,2.62,192865725,53.21,174,7.88,420,58,52.35,0.22,0.79,197,18.1124,79.0193
Telangana,2024-04-30,19741,2403,3.68,140374790,72.96,256,15.5,578,55,36.49,0.32,0.97,55,18.1124,79.0193
Telangana,2024-05-27,8897,7655,2.8,168935891,74.95,239,15.81,489,43,68.17,0.48,0.84,120,18.1124,79.0193
Telangana,2024-06-03,10552,3439,3.26,90934509,80.81,293,18.05,119,39,64.18,0.61,0.87,176,18.1124,79.0193
Telangana,2024-07-16,14182,4880,2.11,153479295,63.76,130,13.7,381,53,64.28,0.28,1.0,110,18.1124,79.0193
Telangana,2024-07-17,5035,14964,4.76,106236164,67.15,199,12.35,438,45,72.5,0.68,0.68,106,18.1124,79.0193
Telangana,2024-07-27,6375,5919,1.38,169503443,56.54,362,13.78,580,39,74.36,0.23,0.99,154,18.1124,79.0193
Telangana,2024-07-31,13329,9790,2.51,170720142,69.34,117,5.95,531,41,32.39,0.83,0.61,127,18.1124,79.0193
Telangana,2024-08-18,13882,9871,2.39,170769701,75.94,371,14.72,235,57,54.65,0.54,0.95,97,18.1124,79.0193
Telangana,2024-09-10,11750,4876,1.08,163104790,78.51,166,18.1,246,25,65.5,0.99,0.95,189,18.1124,79.0193
Telangana,2024-09-11,9076,14101,3.89,174974063,61.37,241,14.8,399,30,67.98,0.49,0.91,130,18.1124,79.0193
Telangana,2024-09-20,12884,707,4.75,193878017,52.6,268,10.86,251,29,57.76,0.71,1.0,67,18.1124,79.0193
Telangana,2024-09-21,17352,759,1.43,74759026,72.1,207,6.7,561,59,48.62,0.87,0.71,157,18.1124,79.0193
Telangana,2024-09-29,3155,8014,3.44,171172855,83.79,194,5.47,537,31,30.72,0.87,0.7,124,18.1124,79.0193
Telangana,2024-10-02,7471,8260,3.86,172210703,72.29,155,5.28,247,59,58.87,0.93,0.77,193,18.1124,79.0193
Telangana,2024-10-06,8899,12832,3.63,27812845,79.84,153,16.21,456,24,41.05,0.86,0.67,187,18.1124,79.0193
Telangana,2024-10-20,17017,9761,2.73,96571975,57.51,252,12.45,497,42,77.42,0.76,0.58,181,18.1124,79.0193
Telangana,2024-10-22,17455,11304,4.64,98275085,86.33,134,17.13,439,42,59.32,0.13,0.52,194,18.1124,79.0193
Telangana,2024-10-24,7862,787,4.35,68331143,80.67,369,9.34,456,31,75.47,0.57,0.92,84,18.1124,79.0193
Telangana,2024-11-21,14189,10439,3.79,68177321,87.79,294,11.43,108,46,67.39,0.72,0.53,53,18.1124,79.0193
Telangana,2024-11-26,17848,8407,3.81,50761344,77.09,281,15.06,365,50,45.47,0.74,0.84,132,18.1124,79.0193
Telangana,2024-12-07,6310,6621,3.59,77235754,58.74,277,9.02,219,29,61.44,0.91,0.67,60,18.1124,79.0193
Uttar Pradesh,2023-01-25,16407,3865,4.84,197083228,78.3,293,18.19,404,32,73.46,0.27,0.87,127,27.5706,80.0982
Uttar Pradesh,2023-03-18,9708,12471,3.34,42759009,82.65,383,18.72,312,22,56.65,0.53,0.92,124,27.5706,80.0982
Uttar Pradesh,2023-03-29,13221,10809,1.98,113148014,86.19,233,13.12,527,53,34.4,0.49,0.94,159,27.5706,80.0982
Uttar Pradesh,2023-04-05,4770,9390,1.24,73488276,87.9,181,18.33,563,44,74.39,0.99,0.72,198,27.5706,80.0982
Uttar Pradesh,2023-04-10,17350,6862,3.79,23858370,78.93,105,15.01,459,43,32.48,0.83,0.57,137,27.5706,80.0982
Uttar Pradesh,2023-04-21,3786,950,2.1,172148784,84.15,301,16.23,566,57,62.7,0.93,0.94,115,27.5706,80.0982
Uttar Pradesh,2023-05-16,13262,1047,1.34,25071407,65.82,377,7.38,109,45,70.96,0.76,0.8,101,27.5706,80.0982
Uttar Pradesh,2023-05-29,6476,6352,3.02,38769425,86.56,188,5.95,574,47,62.85,0.71,0.8,100,27.5706,80.0982
Uttar Pradesh,2023-06-04,10492,8428,3.8,21727817,63.32,330,7.52,219,56,42.1,0.52,0.87,57,27.5706,80.0982
Uttar Pradesh,2023-06-14,16245,14265,3.8,172678990,88.43,137,5.63,421,20,78.74,0.52,0.95,105,27.5706,80.0982
Uttar Pradesh,2023-07-15,14384,10964,2.76,52094056,62.16,287,15.38,288,50,56.78,0.12,0.52,120,27.5706,80.0982
Uttar Pradesh,2023-07-16,18443,14071,3.07,22548927,87.1,295,12.9,351,38,53.41,0.19,0.63,173,27.5706,80.0982
Uttar Pradesh,2023-08-29,19226,14288,4.14,101299535,53.67,350,8.26,142,40,56.34,0.65,0.56,179,27.5706,80.0982
Uttar Pradesh,2023-09-09,3057,10005,3.88,30884965,67.37,370,5.64,417,28,78.38,0.19,0.62,50,27.5706,80.0982
Uttar Pradesh,2023-10-21,14515,760,2.08,41996801,73.79,357,13.44,570,56,57.48,0.14,0.85,107,27.5706,80.0982
Uttar Pradesh,2023-10-26,5927,6482,1.31,164177396,58.48,204,8.85,315,21,70.75,0.79,0.64,148,27.5706,80.0982
Uttar Pradesh,2023-11-07,5050,3206,4.94,25790530,79.01,237,6.86,167,21,33.29,0.89,0.72,68,27.5706,80.0982
Uttar Pradesh,2023-11-20,17738,4797,2.51,77798753,81.48,206,12.9,251,58,62.48,0.61,0.71,164,27.5706,80.0982
Uttar Pradesh,2023-11-24,19721,6711,4.65,39275265,53.76,140,9.47,329,57,46.33,0.27,0.6,137,27.5706,80.0982
Uttar Pradesh,2023-11-26,3679,13861,3.39,112474410,80.62,237,6.34,418,39,71.99,0.65,0.74,134,27.5706,80.0982
Uttar Pradesh,2023-11-30,18510,7973,2.28,180669599,69.33,366,19.79,554,49,47.59,0.55,0.58,83,27.5706,80.0982
Uttar Pradesh,2023-12-07,5145,9447,2.21,72020450,80.47,332,19.37,347,21,66.41,0.1,0.86,135,27.5706,80.0982
Uttar Pradesh,2023-12-09,6492,8648,2.05,62555720,87.73,306,7.29,323,30,40.48,0.31,0.67,150,27.5706,80.0982
Uttar Pradesh,2023-12-14,8711,6102,4.29,80416080,69.72,184,7.85,207,30,64.76,0.45,0.54,170,27.5706,80.0982
Uttar Pradesh,2023-12-26,13439,12439,2.1,116982160,80.42,220,16.76,328,48,48.96,0.28,0.85,148,27.5706,80.0982
Uttar Pradesh,2024-01-21,12698,3395,2.97,166537803,87.42,176,19.7,455,49,43.7,0.7,0.72,110,27.5706,80.0982
Uttar Pradesh,2024-01-30,9708,800,1.24,193134334,69.62,272,11.71,332,35,69.32,0.66,0.89,83,27.5706,80.0982
Uttar Pradesh,2024-02-19,11048,13312,4.35,70779292,51.75,169,18.13,480,41,31.88,0.62,0.61,140,27.5706,80.0982
Uttar Pradesh,2024-02-29,5747,11794,1.64,155223978,50.72,178,14.54,505,49,37.14,0.86,0.8,61,27.5706,80.0982
Uttar Pradesh,2024-03-18,5492,2461,1.4,51740639,55.71,101,10.19,457,30,40.92,0.49,0.76,196,27.5706,80.0982
Uttar Pradesh,2024-03-19,3343,1437,2.2,151339112,56.1,344,8.05,372,48,77.05,0.41,0.97,154,27.5706,80.0982
Uttar Pradesh,2024-04-23,8176,3343,4.71,95566665,75.28,332,11.36,480,23,64.71,0.93,0.51,147,27.5706,80.0982
Uttar Pradesh,2024-05-14,1226,6798,1.77,173939082,82.19,266,11.02,225,37,73.22,0.88,0.79,134,27.5706,80.0982
Uttar Pradesh,2024-05-26,13750,5618,1.59,120821031,56.22,283,10.11,497,28,51.3,0.47,0.77,67,27.5706,80.0982
Uttar Pradesh,2024-05-31,6158,9519,4.05,86623082,58.31,331,5.09,474,53,36.03,0.84,0.75,69,27.5706,80.0982
Uttar Pradesh,2024-06-16,14139,10925,1.62,86411741,83.84,296,16.6,132,33,41.73,0.24,0.83,121,27.5706,80.0982
Uttar Pradesh,2024-06-17,8771,1513,4.93,158607492,50.19,364,12.07,200,32,55.22,0.54,0.75,51,27.5706,80.0982
Uttar Pradesh,2024-06-20,14898,7891,2.09,156774319,53.95,168,8.21,524,23,41.7,0.56,0.52,52,27.5706,80.0982
Uttar Pradesh,2024-06-21,2913,1675,4.46,117910507,59.34,161,13.37,457,23,48.36,0.28,0.89,170,27.5706,80.0982
Uttar Pradesh,2024-07-13,14665,9027,3.35,29098986,76.29,113,12.98,430,34,47.5,0.64,0.61,136,27.5706,80.0982
Uttar Pradesh,2024-07-18,16127,14703,1.14,39245068,74.77,145,7.8,548,23,75.28,0.4,0.79,116,27.5706,80.0982
Uttar Pradesh,2024-08-03,15203,1546,2.7,31477462,58.65,139,11.54,332,56,39.57,0.7,0.68,55,27.5706,80.0982
Uttar Pradesh,2024-08-09,10404,5273,4.09,44145691,62.69,374,18.81,154,48,59.24,0.44,0.78,112,27.5706,80.0982
Uttar Pradesh,2024-08-28,13752,7271,3.89,49716951,72.32,182,5.4,549,51,77.19,0.59,0.72,147,27.5706,80.0982
Uttar Pradesh,2024-09-01,12383,4934,2.72,104664913,54.31,222,11.29,160,45,75.78,0.92,0.9,136,27.5706,80.0982
Uttar Pradesh,2024-10-07,1306,7470,1.22,48784760,68.61,350,7.27,169,27,58.61,0.23,0.95,84,27.5706,80.0982
Uttar Pradesh,2024-10-31,4042,8618,2.89,131353092,61.81,368,5.02,135,48,60.0,0.59,0.59,121,27.5706,80.0982
Uttar Pradesh,2024-11-05,17693,8431,2.46,104959142,76.77,314,16.5,313,27,57.47,0.38,0.7,97,27.5706,80.0982
Uttar Pradesh,2024-11-15,8392,4023,4.65,100957027,78.68,244,11.42,127,57,55.07,0.85,0.85,156,27.5706,80.0982
Uttar Pradesh,2024-12-01,4195,10289,3.94,64515307,72.42,192,15.13,272,45,67.73,0.12,0.96,116,27.5706,80.0982
Uttar Pradesh,2024-12-11,18105,783,2.5,115619600,65.98,185,14.06,570,38,76.13,0.71,0.9,191,27.5706,80.0982
Uttar Pradesh,2024-12-20,1494,10055,4.8,146042011,76.18,387,9.05,130,54,43.68,0.22,0.6,182,27.5706,80.0982
Uttar Pradesh,2024-12-28,10808,6237,1.28,21115282,60.65,135,19.18,192,52,75.43,0.57,0.79,67,27.5706,80.0982
Uttarakhand,2023-01-20,17997,2931,1.64,184059314,64.9,353,20.0,370,24,40.43,0.15,0.9,109,30.0668,79.0193
Uttarakhand,2023-02-22,5764,9512,4.06,26180367,53.46,256,14.48,503,46,32.6,0.59,0.92,55,30.0668,79.0193
Uttarakhand,2023-02-27,10982,4493,2.28,93182889,77.77,370,5.22,186,38,76.33,1.0,0.88,153,30.0668,79.0193
Uttarakhand,2023-03-28,6981,1737,3.31,113869073,57.01,271,11.19,315,24,64.39,0.1,0.71,143,30.0668,79.0193
Uttarakhand,2023-06-18,17447,13657,1.29,98593839,60.61,250,7.14,561,58,66.19,0.32,0.97,150,30.0668,79.0193
Uttarakhand,2023-06-19,16460,9822,2.17,142229623,83.93,157,18.06,490,54,77.46,0.19,0.68,186,30.0668,79.0193
Uttarakhand,2023-06-23,14890,11443,3.53,142308926,52.08,242,13.42,376,38,43.94,0.94,0.55,167,30.0668,79.0193
Uttarakhand,2023-07-08,17292,7632,3.6,48242038,89.73,385,7.56,384,43,61.87,0.81,0.8,109,30.0668,79.0193
Uttarakhand,2023-07-09,11315,14387,2.75,30935934,61.49,185,17.13,346,32,54.18,0.42,0.89,176,30.0668,79.0193
Uttarakhand,2023-07-13,16534,7311,2.79,101927822,52.42,318,10.85,235,22,43.75,0.78,0.99,140,30.0668,79.0193
Uttarakhand,2023-07-20,3473,7039,3.21,63659395,74.51,242,15.2,518,30,67.83,0.23,0.52,93,30.0668,79.0193
Uttarakhand,2023-07-21,9108,14208,4.52,147191035,70.5,394,12.68,566,36,71.94,0.33,0.89,140,30.0668,79.0193
Uttarakhand,2023-07-31,4201,3109,1.54,144785300,60.67,124,8.39,475,34,45.82,0.96,0.91,102,30.0668,79.0193
Uttarakhand,2023-08-05,14715,14122,3.43,118753258,64.9,262,13.99,282,24,68.32,0.42,0.82,190,30.0668,79.0193
Uttarakhand,2023-08-12,9204,1487,1.44,91690383,84.57,153,13.05,406,33,30.61,0.46,0.66,123,30.0668,79.0193
Uttarakhand,2023-08-18,11135,2226,3.62,155631796,75.6,308,13.33,478,54,32.13,0.68,0.99,160,30.0668,79.0193
Uttarakhand,2023-08-30,17878,9748,1.05,84192098,88.54,249,15.29,132,31,62.55,0.45,0.57,123,30.0668,79.0193
Uttarakhand,2023-09-29,18156,3681,4.99,66541814,87.19,291,16.6,220,37,56.33,0.6,0.91,162,30.0668,79.0193
Uttarakhand,2023-10-10,10290,10388,2.09,167175905,76.55,348,13.43,542,25,71.92,0.18,0.78,166,30.0668,79.0193
Uttarakhand,2023-11-03,14476,4463,1.62,182245010,67.99,151,17.16,451,23,57.48,0.85,0.73,155,30.0668,79.0193
Uttarakhand,2023-11-14,1886,11709,2.35,149741763,55.96,228,12.12,454,55,58.3,0.8,0.5,100,30.0668,79.0193
Uttarakhand,2023-11-18,4591,8757,3.61,151664967,55.14,262,13.09,123,20,40.44,0.85,0.97,67,30.0668,79.0193
Uttarakhand,2023-11-23,12370,8905,3.41,60568461,87.81,338,8.64,251,55,63.59,0.65,0.65,134,30.0668,79.0193
Uttarakhand,2023-12-02,10424,1487,2.12,180176583,59.56,379,11.91,188,39,79.42,0.61,0.62,179,30.0668,79.0193
Uttarakhand,2023-12-03,7571,3695,1.66,170631174,76.0,139,13.06,548,49,60.61,0.89,0.54,104,30.0668,79.0193
Uttarakhand,2023-12-17,7459,14240,4.13,65433093,56.89,298,18.85,587,32,69.02,0.28,0.65,152,30.0668,79.0193
Uttarakhand,2023-12-18,5096,11536,3.17,94880394,50.94,221,19.19,196,27,30.73,0.16,0.71,75,30.0668,79.0193
Uttarakhand,2024-01-26,12279,2446,1.96,128155181,66.89,272,9.24,581,33,60.27,0.53,0.74,160,30.0668,79.0193
Uttarakhand,2024-02-07,18910,6171,4.84,142976642,73.33,222,8.89,340,42,35.44,0.67,0.68,131,30.0668,79.0193
Uttarakhand,2024-02-18,19747,7862,1.31,149201878,65.39,344,7.88,325,58,55.33,0.73,0.65,93,30.0668,79.0193
Uttarakhand,2024-02-23,2778,9452,4.44,83222953,62.38,331,9.42,458,31,70.98,0.52,0.64,185,30.0668,79.0193
Uttarakhand,2024-03-22,14241,924,2.81,27471771,72.05,267,9.11,258,24,43.44,0.31,0.96,193,30.0668,79.0193
Uttarakhand,2024-04-21,7652,12008,2.39,35401625,55.36,371,18.36,581,49,69.05,0.54,0.61,140,30.0668,79.0193
Uttarakhand,2024-05-03,12231,5479,2.93,106213325,73.58,308,5.4,352,33,47.52,0.91,0.58,161,30.0668,79.0193
Uttarakhand,2024-05-07,5090,9441,2.51,64177592,71.37,334,15.76,544,24,33.55,0.8,0.86,68,30.0668,79.0193
Uttarakhand,2024-05-21,16262,4451,2.95,109126009,76.0,122,12.83,464,24,61.2,0.42,0.91,191,30.0668,79.0193
Uttarakhand,2024-06-13,2841,12057,1.38,28561616,72.48,203,12.47,110,52,70.11,0.45,0.81,108,30.0668,79.0193
Uttarakhand,2024-07-15,4029,2092,3.8,118096279,72.24,338,19.67,175,40,66.45,0.62,0.96,160,30.0668,79.0193
Uttarakhand,2024-08-16,13186,1465,1.13,50477707,62.4,338,6.0,508,23,69.2,0.55,0.99,193,30.0668,79.0193
Uttarakhand,2024-08-19,6278,11126,1.78,44317559,77.11,278,18.64,366,46,36.91,0.51,0.72,92,30.0668,79.0193
Uttarakhand,2024-08-21,17997,1000,2.07,61824395,51.57,350,16.99,553,44,63.72,0.25,0.68,81,30.0668,79.0193
Uttarakhand,2024-09-13,16051,13948,3.27,162516402,81.17,295,8.29,243,32,36.83,0.92,0.92,181,30.0668,79.0193
Uttarakhand,2024-11-09,19870,8530,2.8,176553753,51.65,259,14.83,230,31,43.13,0.72,0.7,93,30.0668,79.0193
West Bengal,2023-01-27,2744,10421,4.08,55319762,81.85,257,7.17,593,30,35.82,0.75,0.61,197,22.9868,87.8550
West Bengal,2023-01-31,6089,1816,1.32,155289777,85.34,258,13.81,311,36,35.18,0.32,0.86,67,22.9868,87.8550
West Bengal,2023-03-03,5316,5769,3.33,120412403,58.1,262,13.2,499,33,35.07,0.54,0.99,89,22.9868,87.8550
West Bengal,2023-03-08,2214,10906,3.75,159361691,60.13,130,16.68,352,56,78.55,0.73,0.91,66,22.9868,87.8550
West Bengal,2023-03-21,6213,4379,1.27,148675647,83.87,378,14.42,521,52,38.4,1.0,0.83,119,22.9868,87.8550
West Bengal,2023-03-23,5228,11106,1.75,166630868,88.63,261,12.6,137,50,37.55,0.45,0.67,178,22.9868,87.8550
West Bengal,2023-04-13,16861,7156,2.18,127606458,73.4,159,8.78,326,51,59.2,0.39,0.99,89,22.9868,87.8550
West Bengal,2023-05-10,3423,3968,3.7,98014948,77.94,276,5.25,131,27,75.85,0.82,0.89,55,22.9868,87.8550
West Bengal,2023-05-15,3940,4909,4.92,108235038,82.2,379,19.14,372,31,69.89,0.89,0.63,192,22.9868,87.8550
West Bengal,2023-05-21,1633,6105,1.64,78738545,54.41,117,11.72,591,35,78.79,0.66,0.66,164,22.9868,87.8550
West Bengal,2023-06-21,18358,2982,3.91,182353194,87.6,342,12.57,231,21,60.66,0.98,0.61,171,22.9868,87.8550
West Bengal,2023-06-28,17663,12235,2.38,54327093,62.18,251,19.44,111,26,54.63,0.48,0.79,66,22.9868,87.8550
West Bengal,2023-07-17,2922,13043,2.17,37076059,60.14,173,19.41,453,46,42.36,0.69,0.77,52,22.9868,87.8550
West Bengal,2023-07-18,12991,10800,4.36,34656641,70.55,360,12.74,450,30,66.08,0.29,0.93,134,22.9868,87.8550
West Bengal,2023-08-06,6681,12991,4.6,92294731,61.25,313,5.16,172,45,50.76,0.88,0.67,117,22.9868,87.8550
West Bengal,2023-09-08,16597,11527,2.29,51208187,68.53,388,11.5,203,20,65.63,0.52,0.81,193,22.9868,87.8550
West Bengal,2023-09-27,11524,1046,4.43,192995762,86.42,356,6.39,121,29,76.66,0.98,0.98,124,22.9868,87.8550
West Bengal,2023-11-08,5553,6635,4.52,118066927,79.22,242,12.78,167,47,74.36,0.29,0.53,60,22.9868,87.8550
West Bengal,2024-01-13,4736,629,2.31,112642678,75.3,221,12.05,258,32,58.2,0.52,0.59,98,22.9868,87.8550
West Bengal,2024-01-22,16889,14226,4.2,147250966,89.54,331,9.44,259,56,56.79,0.44,0.88,95,22.9868,87.8550
West Bengal,2024-02-04,18133,12118,2.77,139516073,65.86,293,14.98,553,31,52.4,0.99,0.98,123,22.9868,87.8550
West Bengal,2024-02-12,16438,6304,2.84,136809093,71.91,216,15.95,400,44,47.76,0.51,0.92,199,22.9868,87.8550
West Bengal,2024-02-14,17557,3641,4.32,158710242,86.65,116,9.12,295,35,56.22,0.49,0.61,186,22.9868,87.8550
West Bengal,2024-03-06,18349,11648,3.58,78811825,85.32,306,14.43,113,26,52.58,0.21,0.69,199,22.9868,87.8550
West Bengal,2024-03-16,17102,7268,1.08,120660698,71.48,220,5.86,449,48,41.75,0.8,0.99,169,22.9868,87.8550
West Bengal,2024-04-08,1303,2600,3.94,173160701,56.55,340,8.17,562,58,42.26,0.92,0.51,161,22.9868,87.8550
West Bengal,2024-04-27,1997,6159,2.08,37118848,72.84,238,11.48,291,54,74.34,0.61,0.62,101,22.9868,87.8550
West Bengal,2024-05-15,15863,5542,2.76,195160707,81.85,142,15.59,191,29,44.34,0.21,0.93,192,22.9868,87.8550
West Bengal,2024-05-18,5718,7571,4.76,134026984,59.35,349,16.91,237,42,63.01,0.75,0.63,66,22.9868,87.8550
West Bengal,2024-06-10,2076,12415,3.33,169704598,81.1,327,18.81,232,47,69.72,0.11,0.85,103,22.9868,87.8550
West Bengal,2024-06-26,15256,6790,4.26,105590037,77.48,218,13.19,300,37,65.3,0.31,0.95,93,22.9868,87.8550
West Bengal,2024-09-02,1244,11816,4.14,65035236,64.2,264,18.79,342,59,37.05,0.79,0.76,122,22.9868,87.8550
West Bengal,2024-09-09,2910,6300,2.36,167773841,70.64,164,17.49,193,23,37.8,0.77,0.93,153,22.9868,87.8550
West Bengal,2024-10-18,12573,3467,1.77,178235130,67.17,257,15.22,568,56,65.14,0.75,0.89,142,22.9868,87.8550
West Bengal,2024-10-30,18427,8637,2.08,59249496,61.07,389,8.64,112,35,52.35,0.21,0.73,114,22.9868,87.8550
West Bengal,2024-11-12,15598,11152,2.65,131301712,74.88,295,11.02,526,28,34.28,0.43,0.51,67,22.9868,87.8550
West Bengal,2024-12-29,7998,9492,3.77,55257605,67.96,367,12.99,293,58,34.38,0.73,0.64,178,22.9868,87.8550
West Bengal,2024-12-31,19040,8502,2.0,195248904,84.45,101,16.02,570,33,40.0,0.88,0.86,109,22.9868,87.8550